,mdist1,mdist2
0,3,3
1,3,3
2,3,3
3,3,3
4,4,3
5,3,2
6,2,2
7,3,3
8,4,3
9,3,4
10,3,1
11,4,4
12,3,4
13,2,3
14,3,4
15,2,3
16,3,4
17,4,3
18,0,3
19,2,3
20,2,3
21,3,4
22,2,3
23,2,3
24,2,3
25,2,2
26,3,4
27,2,3
28,3,3
29,3,3
30,3,4
31,3,4
32,2,1
33,2,4
34,3,3
35,4,4
36,3,3
37,3,3
38,1,2
39,2,4
40,2,3
41,3,4
42,2,3
43,3,4
44,4,4
45,4,3
46,1,5
47,3,3
48,3,3
49,4,4
50,4,2
51,2,3
52,2,2
53,4,3
54,2,3
55,3,3
56,2,2
57,4,3
58,2,3
59,3,3
60,2,1
61,3,2
62,2,3
63,2,2
64,2,4
65,3,2
66,2,2
67,3,4
68,4,3
69,4,2
70,3,3
71,3,3
72,2,4
73,4,4
74,2,3
75,3,2
76,4,4
77,3,2
78,4,2
79,4,3
80,3,4
81,2,1
82,3,4
83,2,3
84,3,4
85,4,2
86,2,3
87,4,2
88,4,2
89,3,3
90,3,3
91,3,2
92,2,3
93,3,2
94,3,3
95,3,2
96,2,3
97,3,3
98,4,3
99,1,3
100,2,2
101,2,3
102,2,1
103,4,4
104,3,3
105,4,2
106,2,4
107,3,3
108,3,2
109,4,3
110,3,3
111,2,3
112,3,3
113,3,3
114,3,2
115,5,3
116,3,3
117,4,1
118,3,2
119,4,1
120,2,3
121,4,2
122,1,3
123,2,4
124,2,3
125,4,3
126,3,3
127,3,4
128,3,3
129,3,4
130,2,3
131,2,3
132,3,2
133,4,4
134,3,3
135,1,3
136,3,2
137,1,4
138,2,3
139,4,4
140,2,2
141,3,5
142,2,1
143,3,4
144,3,4
145,2,2
146,2,3
147,3,4
148,2,3
149,3,3
150,3,2
151,2,3
152,2,3
153,3,3
154,4,3
155,3,3
156,3,3
157,2,3
158,4,3
159,4,2
160,4,3
161,4,2
162,4,0
163,2,3
164,4,4
165,3,3
166,4,3
167,3,4
168,4,2
169,1,3
170,2,2
171,3,2
172,3,2
173,2,2
174,3,3
175,3,2
176,3,1
177,2,3
178,1,3
179,2,3
180,2,5
181,3,2
182,3,3
183,3,3
184,2,2
185,4,3
186,3,4
187,4,3
188,3,3
189,2,3
190,3,3
191,3,2
192,2,3
193,3,2
194,3,2
195,1,4
196,4,4
197,2,4
198,4,4
199,3,2
200,3,3
201,3,3
202,3,3
203,3,1
204,3,4
205,3,2
206,3,2
207,3,3
208,2,3
209,3,4
210,4,2
211,4,3
212,3,4
213,3,3
214,3,2
215,3,3
216,2,2
217,2,2
218,3,4
219,3,4
220,2,3
221,3,2
222,2,4
223,4,3
224,3,2
225,5,4
226,2,3
227,3,3
228,3,3
229,4,3
230,3,2
231,4,3
232,2,3
233,3,1
234,3,4
235,2,4
236,4,3
237,2,4
238,2,1
239,4,3
240,4,2
241,3,2
242,4,2
243,4,3
244,1,3
245,3,3
246,2,2
247,3,3
248,1,4
249,2,2
250,3,3
251,2,3
252,3,2
253,4,1
254,2,2
255,3,2
256,3,2
257,2,3
258,2,3
259,3,3
260,2,4
261,3,5
262,2,4
263,4,3
264,3,1
265,4,3
266,4,2
267,2,3
268,3,3
269,2,3
270,3,3
271,4,1
272,2,2
273,2,4
274,4,3
275,2,4
276,3,3
277,3,3
278,3,3
279,4,3
280,2,3
281,3,4
282,3,2
283,2,3
284,3,2
285,5,3
286,3,2
287,3,5
288,3,4
289,3,1
290,2,3
291,1,2
292,2,3
293,2,4
294,4,0
295,3,3
296,2,3
297,3,4
298,3,3
299,5,3
300,3,2
301,3,3
302,3,5
303,4,2
304,1,3
305,2,3
306,2,2
307,1,3
308,4,3
309,4,3
310,2,4
311,3,3
312,3,2
313,3,3
314,3,1
315,3,3
316,3,3
317,4,2
318,4,3
319,2,4
320,2,4
321,3,4
322,4,2
323,5,3
324,3,3
325,2,3
326,4,3
327,3,3
328,2,4
329,4,2
330,4,3
331,3,2
332,2,3
333,3,3
334,1,1
335,3,4
336,3,1
337,3,4
338,2,2
339,3,4
340,3,2
341,4,2
342,3,3
343,2,2
344,3,3
345,3,1
346,4,3
347,2,3
348,3,2
349,3,4
350,1,4
351,4,3
352,2,3
353,3,3
354,2,4
355,2,4
356,2,2
357,2,3
358,3,4
359,3,2
360,4,1
361,3,2
362,4,2
363,2,3
364,1,4
365,2,3
366,4,3
367,3,3
368,3,4
369,3,3
370,3,3
371,3,1
372,4,4
373,2,4
374,4,3
375,3,3
376,2,2
377,3,3
378,3,3
379,2,4
380,2,2
381,3,4
382,3,4
383,3,2
384,4,3
385,2,2
386,2,3
387,3,2
388,2,2
389,4,2
390,4,1
391,3,2
392,3,3
393,3,3
394,3,4
395,2,4
396,3,3
397,2,3
398,3,4
399,3,3
400,4,3
401,3,3
402,3,3
403,3,3
404,3,2
405,3,3
406,4,2
407,2,2
408,3,4
409,3,3
410,3,4
411,4,3
412,3,2
413,2,2
414,3,2
415,3,2
416,2,3
417,1,3
418,1,4
419,4,3
420,3,3
421,2,3
422,2,3
423,3,2
424,3,3
425,3,2
426,3,3
427,2,2
428,3,3
429,2,1
430,3,1
431,2,3
432,4,2
433,2,4
434,1,4
435,2,3
436,3,4
437,3,3
438,3,2
439,2,2
440,4,2
441,3,2
442,4,1
443,3,3
444,3,4
445,4,2
446,3,3
447,3,2
448,3,1
449,2,3
450,3,3
451,3,4
452,2,3
453,4,3
454,1,4
455,1,3
456,3,2
457,3,3
458,3,4
459,4,4
460,2,2
461,4,2
462,2,3
463,2,2
464,1,4
465,3,2
466,4,2
467,4,2
468,3,3
469,3,5
470,3,3
471,3,3
472,3,4
473,3,4
474,1,2
475,3,3
476,4,4
477,3,2
478,4,3
479,3,3
480,3,4
481,3,1
482,3,3
483,2,4
484,4,3
485,4,5
486,2,2
487,3,3
488,3,1
489,3,4
490,2,2
491,2,3
492,2,3
493,3,4
494,1,2
495,3,3
496,1,2
497,3,2
498,3,3
499,2,4
500,4,2
501,4,5
502,3,3
503,3,1
504,2,3
505,2,3
506,3,2
507,3,2
508,3,1
509,3,3
510,1,3
511,2,1
512,4,2
513,3,4
514,3,4
515,4,3
516,2,2
517,3,3
518,4,2
519,3,3
520,4,1
521,4,4
522,4,2
523,3,3
524,3,0
525,3,3
526,4,2
527,4,2
528,2,2
529,4,3
530,3,3
531,2,1
532,3,2
533,2,3
534,4,1
535,3,4
536,4,4
537,2,3
538,1,3
539,2,4
540,3,4
541,3,3
542,3,4
543,3,4
544,3,2
545,3,2
546,3,2
547,3,4
548,2,3
549,3,1
550,4,2
551,3,2
552,1,2
553,4,1
554,4,4
555,4,3
556,4,2
557,3,2
558,3,3
559,3,2
560,4,3
561,3,1
562,4,3
563,2,2
564,4,3
565,4,2
566,3,3
567,3,4
568,3,1
569,4,3
570,3,2
571,3,4
572,2,3
573,2,3
574,2,3
575,3,2
576,2,3
577,4,4
578,3,2
579,3,3
580,3,4
581,2,4
582,4,3
583,3,1
584,4,3
585,2,2
586,3,3
587,3,3
588,4,3
589,2,3
590,4,4
591,3,1
592,2,3
593,3,3
594,1,3
595,2,3
596,1,3
597,2,2
598,3,3
599,4,3
600,4,2
601,1,3
602,3,4
603,4,3
604,3,2
605,3,3
606,4,4
607,4,2
608,3,3
609,5,3
610,3,5
611,3,3
612,1,3
613,4,3
614,2,3
615,3,2
616,3,2
617,3,2
618,4,3
619,2,3
620,3,3
621,2,4
622,3,2
623,3,3
624,4,3
625,4,2
626,3,2
627,4,3
628,4,3
629,3,3
630,4,4
631,3,3
632,4,3
633,3,2
634,2,2
635,3,3
636,1,3
637,3,2
638,2,3
639,3,3
640,3,2
641,4,2
642,4,2
643,1,3
644,3,3
645,1,3
646,3,4
647,3,1
648,3,3
649,3,4
650,2,3
651,2,2
652,2,3
653,2,4
654,3,2
655,2,1
656,3,3
657,4,3
658,3,4
659,4,3
660,3,2
661,3,3
662,4,3
663,2,3
664,4,3
665,3,2
666,2,2
667,2,3
668,4,1
669,3,2
670,3,4
671,2,4
672,4,2
673,3,3
674,3,4
675,4,2
676,2,4
677,4,3
678,3,4
679,2,2
680,2,2
681,4,3
682,2,1
683,4,2
684,2,3
685,2,4
686,3,2
687,2,3
688,2,4
689,3,3
690,4,4
691,4,3
692,3,4
693,4,2
694,3,3
695,4,2
696,2,4
697,3,3
698,3,2
699,4,4
700,3,3
701,3,3
702,3,1
703,3,4
704,2,1
705,4,2
706,4,4
707,3,4
708,2,3
709,2,2
710,2,4
711,3,2
712,3,3
713,3,4
714,3,1
715,3,4
716,2,3
717,3,4
718,1,2
719,4,2
720,4,3
721,2,3
722,2,4
723,3,2
724,4,3
725,3,2
726,3,4
727,4,2
728,2,3
729,2,2
730,1,4
731,3,3
732,3,3
733,2,2
734,2,4
735,3,3
736,3,3
737,4,4
738,3,2
739,2,3
740,4,3
741,2,3
742,3,4
743,4,1
744,2,2
745,4,2
746,2,3
747,3,4
748,3,4
749,1,3
750,2,3
751,3,2
752,3,3
753,4,2
754,2,1
755,4,2
756,4,3
757,5,2
758,2,4
759,3,3
760,4,2
761,2,3
762,3,2
763,4,3
764,2,3
765,3,3
766,3,3
767,3,3
768,3,3
769,4,4
770,3,4
771,1,3
772,3,4
773,2,3
774,3,3
775,2,3
776,3,4
777,4,3
778,4,4
779,2,2
780,3,4
781,3,5
782,3,3
783,2,4
784,4,2
785,3,2
786,2,4
787,3,2
788,3,1
789,3,3
790,2,4
791,3,3
792,2,3
793,1,3
794,3,3
795,3,4
796,2,3
797,4,2
798,4,1
799,3,3
800,3,3
801,2,3
802,3,4
803,2,3
804,4,3
805,2,2
806,2,3
807,3,2
808,4,2
809,2,3
810,3,4
811,2,1
812,3,3
813,3,3
814,4,3
815,3,4
816,3,3
817,3,3
818,2,3
819,2,4
820,1,3
821,1,4
822,4,3
823,3,3
824,3,3
825,1,5
826,3,4
827,1,4
828,2,4
829,2,4
830,2,4
831,3,3
832,4,3
833,4,1
834,2,2
835,4,2
836,2,2
837,3,3
838,3,0
839,3,3
840,2,4
841,2,3
842,4,2
843,2,2
844,3,3
845,3,2
846,3,3
847,4,2
848,2,3
849,4,2
850,2,2
851,3,2
852,2,2
853,3,2
854,2,4
855,3,3
856,2,3
857,3,3
858,5,1
859,3,3
860,3,3
861,4,2
862,3,3
863,2,3
864,2,2
865,3,4
866,3,2
867,1,4
868,3,4
869,3,2
870,3,4
871,3,3
872,4,3
873,2,3
874,3,3
875,2,3
876,3,2
877,4,3
878,3,1
879,2,3
880,3,2
881,4,3
882,3,3
883,4,4
884,3,3
885,2,3
886,4,3
887,3,3
888,3,3
889,2,3
890,3,2
891,4,2
892,2,2
893,3,4
894,4,2
895,3,4
896,3,2
897,3,3
898,4,3
899,3,2
900,3,2
901,3,3
902,3,3
903,2,3
904,2,3
905,1,3
906,3,4
907,2,4
908,1,3
909,2,1
910,3,4
911,2,4
912,3,3
913,2,1
914,3,4
915,2,3
916,2,3
917,2,3
918,4,2
919,2,4
920,3,3
921,4,3
922,3,2
923,5,3
924,3,5
925,2,3
926,3,2
927,3,4
928,3,4
929,4,3
930,2,3
931,3,4
932,3,3
933,3,3
934,3,3
935,2,2
936,2,3
937,3,2
938,3,3
939,3,3
940,3,3
941,2,3
942,3,3
943,3,2
944,4,2
945,3,4
946,3,4
947,2,3
948,2,3
949,3,4
950,3,2
951,3,2
952,3,3
953,3,4
954,2,1
955,2,2
956,4,3
957,3,2
958,3,1
959,4,2
960,3,3
961,4,4
962,3,2
963,3,3
964,4,3
965,3,3
966,2,2
967,2,2
968,4,3
969,3,3
970,2,4
971,3,4
972,3,3
973,3,3
974,1,4
975,2,2
976,2,3
977,3,4
978,4,3
979,3,2
980,3,2
981,2,2
982,2,3
983,2,2
984,2,4
985,1,3
986,3,4
987,3,3
988,3,4
989,2,1
990,3,3
991,3,2
992,3,2
993,3,2
994,3,5
995,4,3
996,4,4
997,3,4
998,4,3
999,2,1
1000,3,3
1001,2,3
1002,4,2
1003,2,3
1004,3,2
1005,3,4
1006,3,3
1007,3,4
1008,3,3
1009,4,4
1010,2,3
1011,3,1
1012,3,1
1013,4,2
1014,2,4
1015,3,4
1016,1,2
1017,1,3
1018,4,2
1019,2,3
1020,4,3
1021,2,3
1022,3,4
1023,2,3
1024,4,4
1025,3,3
1026,2,4
1027,2,3
1028,3,3
1029,4,2
1030,2,2
1031,1,3
1032,4,3
1033,4,3
1034,3,3
1035,3,3
1036,3,4
1037,3,4
1038,3,2
1039,3,2
1040,3,3
1041,4,4
1042,4,4
1043,2,3
1044,4,2
1045,2,4
1046,2,3
1047,2,3
1048,4,3
1049,4,3
1050,2,3
1051,4,2
1052,3,2
1053,3,2
1054,2,4
1055,2,3
1056,1,3
1057,3,3
1058,3,4
1059,3,3
1060,3,3
1061,3,3
1062,4,3
1063,3,3
1064,2,2
1065,1,2
1066,2,3
1067,1,3
1068,2,2
1069,4,3
1070,3,3
1071,4,3
1072,3,3
1073,4,2
1074,4,3
1075,4,3
1076,4,3
1077,3,3
1078,4,4
1079,3,4
1080,4,3
1081,2,3
1082,3,1
1083,3,3
1084,2,4
1085,4,4
1086,3,4
1087,3,3
1088,3,4
1089,3,2
1090,3,4
1091,3,3
1092,3,4
1093,2,4
1094,2,4
1095,2,4
1096,3,4
1097,3,3
1098,1,3
1099,1,4
1100,4,2
1101,1,2
1102,3,3
1103,4,3
1104,3,2
1105,3,3
1106,2,3
1107,4,4
1108,3,3
1109,3,3
1110,2,4
1111,2,3
1112,4,3
1113,3,3
1114,3,4
1115,1,3
1116,1,4
1117,3,4
1118,2,4
1119,3,3
1120,3,2
1121,2,4
1122,3,3
1123,3,3
1124,2,2
1125,3,2
1126,1,2
1127,3,4
1128,3,3
1129,2,3
1130,2,3
1131,3,3
1132,3,3
1133,3,3
1134,2,4
1135,2,3
1136,3,4
1137,3,2
1138,3,4
1139,3,3
1140,3,3
1141,1,3
1142,3,3
1143,4,1
1144,4,4
1145,4,2
1146,3,3
1147,3,3
1148,4,4
1149,4,2
1150,1,3
1151,2,4
1152,4,2
1153,2,2
1154,4,3
1155,3,2
1156,5,4
1157,2,2
1158,2,4
1159,4,2
1160,0,4
1161,4,4
1162,2,3
1163,4,3
1164,2,2
1165,4,4
1166,3,2
1167,4,3
1168,4,1
1169,3,3
1170,3,3
1171,3,4
1172,2,2
1173,2,2
1174,3,3
1175,3,2
1176,3,2
1177,2,4
1178,3,4
1179,2,3
1180,2,1
1181,5,1
1182,3,3
1183,3,4
1184,3,2
1185,2,3
1186,4,4
1187,3,3
1188,2,3
1189,2,4
1190,3,2
1191,3,4
1192,2,3
1193,2,2
1194,2,3
1195,4,3
1196,4,4
1197,1,4
1198,3,4
1199,1,4
1200,2,3
1201,4,2
1202,3,3
1203,3,3
1204,1,3
1205,3,3
1206,3,2
1207,2,2
1208,2,4
1209,2,2
1210,3,3
1211,3,2
1212,3,2
1213,2,3
1214,3,2
1215,3,2
1216,3,3
1217,3,4
1218,1,4
1219,2,2
1220,4,4
1221,3,4
1222,4,2
1223,3,4
1224,2,4
1225,3,3
1226,2,3
1227,2,3
1228,4,3
1229,3,3
1230,1,3
1231,3,4
1232,3,4
1233,2,4
1234,2,2
1235,3,4
1236,2,3
1237,4,2
1238,3,2
1239,3,3
1240,3,2
1241,2,3
1242,2,2
1243,4,4
1244,4,2
1245,2,2
1246,4,2
1247,4,3
1248,4,4
1249,3,3
1250,2,4
1251,3,3
1252,4,2
1253,4,4
1254,3,3
1255,2,3
1256,4,3
1257,3,5
1258,3,3
1259,3,3
1260,3,4
1261,2,3
1262,3,4
1263,4,3
1264,2,3
1265,3,4
1266,3,3
1267,4,4
1268,3,3
1269,2,3
1270,2,3
1271,4,3
1272,4,2
1273,3,3
1274,2,4
1275,2,2
1276,3,1
1277,2,2
1278,3,3
1279,3,3
1280,3,3
1281,3,4
1282,3,3
1283,3,3
1284,4,2
1285,2,2
1286,3,3
1287,2,3
1288,3,2
1289,3,2
1290,3,2
1291,1,3
1292,3,2
1293,4,2
1294,2,2
1295,4,2
1296,4,3
1297,4,3
1298,3,3
1299,3,3
1300,3,3
1301,2,4
1302,2,2
1303,3,4
1304,2,2
1305,2,2
1306,3,2
1307,3,4
1308,4,4
1309,2,4
1310,1,4
1311,2,3
1312,2,3
1313,3,3
1314,2,2
1315,2,3
1316,4,4
1317,3,5
1318,3,2
1319,3,3
1320,2,3
1321,3,3
1322,2,2
1323,2,3
1324,2,2
1325,2,4
1326,3,3
1327,3,2
1328,3,4
1329,4,4
1330,3,3
1331,3,2
1332,2,3
1333,2,4
1334,2,3
1335,2,2
1336,2,4
1337,3,4
1338,3,2
1339,3,2
1340,3,2
1341,2,3
1342,3,3
1343,4,3
1344,3,3
1345,3,3
1346,4,2
1347,4,3
1348,3,4
1349,4,2
1350,2,1
1351,3,2
1352,4,3
1353,2,3
1354,1,3
1355,2,3
1356,1,4
1357,1,2
1358,3,4
1359,2,4
1360,4,3
1361,2,3
1362,4,2
1363,3,3
1364,3,3
1365,3,3
1366,3,4
1367,1,4
1368,4,2
1369,3,3
1370,3,3
1371,3,3
1372,3,2
1373,3,4
1374,2,4
1375,3,3
1376,3,3
1377,4,3
1378,2,4
1379,4,3
1380,3,2
1381,2,3
1382,1,3
1383,2,4
1384,3,4
1385,4,3
1386,3,4
1387,3,2
1388,3,4
1389,3,2
1390,4,2
1391,3,2
1392,4,4
1393,2,4
1394,3,2
1395,1,5
1396,3,4
1397,3,3
1398,2,2
1399,4,4
1400,4,3
1401,3,1
1402,5,3
1403,3,2
1404,4,4
1405,4,2
1406,2,3
1407,2,2
1408,3,4
1409,2,4
1410,4,2
1411,1,4
1412,2,3
1413,5,4
1414,2,4
1415,2,3
1416,4,4
1417,4,3
1418,2,3
1419,3,1
1420,4,2
1421,4,3
1422,4,2
1423,2,2
1424,3,4
1425,3,2
1426,3,2
1427,3,2
1428,3,3
1429,3,3
1430,3,3
1431,4,5
1432,2,3
1433,2,4
1434,3,3
1435,4,4
1436,2,2
1437,4,4
1438,3,3
1439,2,2
1440,4,2
1441,3,3
1442,3,3
1443,3,2
1444,2,4
1445,3,3
1446,2,2
1447,3,3
1448,3,4
1449,3,3
1450,3,3
1451,3,2
1452,4,2
1453,4,2
1454,4,3
1455,4,3
1456,3,3
1457,3,2
1458,3,3
1459,3,2
1460,2,2
1461,4,4
1462,3,2
1463,3,3
1464,3,2
1465,2,3
1466,4,3
1467,2,4
1468,3,3
1469,3,4
1470,3,3
1471,2,1
1472,1,4
1473,4,2
1474,4,4
1475,3,3
1476,3,4
1477,3,4
1478,3,4
1479,4,3
1480,3,3
1481,4,4
1482,3,2
1483,1,2
1484,3,4
1485,3,3
1486,3,3
1487,4,3
1488,2,2
1489,4,2
1490,3,3
1491,2,3
1492,3,3
1493,3,3
1494,2,4
1495,3,4
1496,2,3
1497,2,3
1498,2,4
1499,3,2
1500,3,3
1501,3,2
1502,1,3
1503,4,3
1504,3,2
1505,3,3
1506,1,3
1507,1,3
1508,4,4
1509,4,2
1510,4,3
1511,3,2
1512,3,4
1513,3,2
1514,3,2
1515,3,3
1516,3,4
1517,2,3
1518,3,2
1519,3,0
1520,3,4
1521,4,2
1522,5,2
1523,3,3
1524,2,4
1525,3,3
1526,3,3
1527,4,4
1528,3,3
1529,2,4
1530,2,4
1531,3,4
1532,2,2
1533,3,3
1534,2,3
1535,3,3
1536,4,3
1537,3,3
1538,2,3
1539,3,3
1540,3,5
1541,2,2
1542,3,4
1543,4,4
1544,4,3
1545,5,2
1546,4,3
1547,2,3
1548,3,4
1549,4,4
1550,3,4
1551,3,2
1552,3,3
1553,3,4
1554,2,3
1555,3,3
1556,3,4
1557,3,4
1558,3,3
1559,3,1
1560,3,4
1561,2,3
1562,4,1
1563,2,3
1564,3,4
1565,2,3
1566,4,2
1567,2,3
1568,3,4
1569,2,1
1570,2,4
1571,3,3
1572,2,3
1573,3,3
1574,3,3
1575,3,3
1576,2,2
1577,3,3
1578,2,2
1579,3,1
1580,3,4
1581,3,2
1582,2,3
1583,5,2
1584,4,4
1585,3,3
1586,2,3
1587,2,6
1588,1,3
1589,4,4
1590,4,2
1591,2,4
1592,4,3
1593,3,2
1594,3,3
1595,3,3
1596,3,4
1597,3,4
1598,2,3
1599,3,3
1600,4,3
1601,2,4
1602,2,4
1603,3,3
1604,2,3
1605,3,2
1606,1,3
1607,2,2
1608,1,3
1609,3,2
1610,3,3
1611,2,2
1612,2,4
1613,3,4
1614,4,2
1615,2,3
1616,3,4
1617,2,3
1618,4,4
1619,4,2
1620,3,3
1621,3,3
1622,3,3
1623,3,4
1624,1,4
1625,3,2
1626,3,3
1627,2,3
1628,3,1
1629,3,3
1630,4,3
1631,2,3
1632,3,3
1633,4,1
1634,2,4
1635,2,3
1636,3,3
1637,0,3
1638,3,3
1639,3,3
1640,3,3
1641,2,2
1642,2,3
1643,3,3
1644,3,3
1645,3,3
1646,2,4
1647,4,2
1648,4,3
1649,3,3
1650,2,3
1651,3,3
1652,3,4
1653,3,3
1654,2,2
1655,4,2
1656,3,2
1657,3,3
1658,4,3
1659,3,2
1660,3,2
1661,2,3
1662,1,3
1663,3,3
1664,3,2
1665,2,3
1666,3,3
1667,2,3
1668,4,3
1669,2,3
1670,2,3
1671,3,4
1672,3,3
1673,4,3
1674,1,3
1675,3,2
1676,3,3
1677,3,3
1678,3,3
1679,5,4
1680,2,3
1681,2,4
1682,3,3
1683,2,4
1684,2,3
1685,3,3
1686,2,3
1687,2,2
1688,2,5
1689,4,3
1690,1,3
1691,3,2
1692,4,3
1693,3,1
1694,3,2
1695,1,3
1696,3,3
1697,3,3
1698,3,2
1699,3,2
1700,0,2
1701,2,3
1702,3,3
1703,1,1
1704,4,4
1705,3,3
1706,2,3
1707,3,3
1708,3,3
1709,4,1
1710,1,3
1711,4,4
1712,3,2
1713,2,5
1714,2,2
1715,3,3
1716,4,4
1717,3,3
1718,4,3
1719,2,3
1720,4,4
1721,2,2
1722,4,3
1723,2,3
1724,3,3
1725,4,3
1726,4,2
1727,2,3
1728,2,3
1729,3,3
1730,4,3
1731,2,3
1732,2,3
1733,4,4
1734,4,2
1735,2,2
1736,3,2
1737,4,2
1738,3,3
1739,4,2
1740,3,3
1741,3,3
1742,3,3
1743,3,3
1744,3,3
1745,2,2
1746,4,3
1747,4,1
1748,4,3
1749,3,2
1750,3,4
1751,3,3
1752,3,3
1753,4,2
1754,2,2
1755,2,2
1756,2,4
1757,3,2
1758,3,4
1759,2,3
1760,3,4
1761,3,2
1762,3,5
1763,3,4
1764,2,4
1765,3,3
1766,3,3
1767,2,4
1768,2,2
1769,3,2
1770,3,3
1771,4,3
1772,3,2
1773,2,4
1774,3,4
1775,2,2
1776,3,3
1777,2,2
1778,3,3
1779,2,3
1780,4,4
1781,3,3
1782,3,2
1783,3,2
1784,2,3
1785,4,2
1786,4,4
1787,3,2
1788,4,4
1789,2,2
1790,5,3
1791,3,4
1792,3,4
1793,4,2
1794,3,4
1795,3,2
1796,3,4
1797,3,2
1798,3,2
1799,1,4
1800,2,4
1801,4,3
1802,2,4
1803,1,4
1804,3,2
1805,3,2
1806,3,2
1807,2,3
1808,4,2
1809,2,3
1810,3,3
1811,3,3
1812,4,3
1813,3,3
1814,2,2
1815,4,3
1816,3,3
1817,5,3
1818,2,4
1819,2,2
1820,3,2
1821,2,3
1822,2,3
1823,2,2
1824,2,4
1825,3,3
1826,2,3
1827,4,3
1828,3,2
1829,3,1
1830,3,3
1831,4,4
1832,2,2
1833,3,3
1834,3,4
1835,4,2
1836,4,2
1837,2,3
1838,2,3
1839,2,2
1840,1,3
1841,3,4
1842,1,3
1843,4,2
1844,2,4
1845,3,4
1846,3,3
1847,2,2
1848,2,3
1849,3,3
1850,3,1
1851,4,1
1852,3,3
1853,2,2
1854,3,3
1855,3,2
1856,2,4
1857,3,3
1858,4,4
1859,3,4
1860,3,3
1861,3,3
1862,4,2
1863,4,3
1864,1,3
1865,2,3
1866,3,4
1867,2,3
1868,1,2
1869,2,3
1870,4,3
1871,4,2
1872,4,3
1873,3,2
1874,1,2
1875,3,3
1876,3,2
1877,4,3
1878,3,4
1879,3,4
1880,3,1
1881,3,2
1882,3,3
1883,3,4
1884,3,4
1885,3,4
1886,2,3
1887,1,3
1888,4,3
1889,3,3
1890,2,3
1891,3,3
1892,3,2
1893,2,4
1894,3,3
1895,3,2
1896,3,3
1897,3,5
1898,2,2
1899,3,2
1900,3,4
1901,2,4
1902,2,3
1903,3,3
1904,3,4
1905,4,4
1906,1,5
1907,2,2
1908,3,2
1909,2,3
1910,4,2
1911,3,2
1912,4,2
1913,3,3
1914,4,5
1915,4,1
1916,3,2
1917,1,2
1918,4,3
1919,3,2
1920,4,4
1921,3,3
1922,3,4
1923,3,3
1924,3,3
1925,3,3
1926,3,4
1927,2,3
1928,4,1
1929,4,3
1930,5,2
1931,3,1
1932,3,2
1933,2,4
1934,3,2
1935,2,3
1936,2,3
1937,2,3
1938,4,2
1939,3,3
1940,3,4
1941,4,3
1942,2,2
1943,4,2
1944,2,2
1945,4,2
1946,3,3
1947,4,4
1948,3,3
1949,2,3
1950,3,3
1951,4,3
1952,4,2
1953,4,2
1954,3,2
1955,4,4
1956,2,3
1957,4,2
1958,2,3
1959,4,4
1960,2,3
1961,1,4
1962,3,3
1963,2,3
1964,3,3
1965,2,4
1966,2,3
1967,2,4
1968,4,3
1969,3,3
1970,4,4
1971,4,3
1972,2,4
1973,4,3
1974,4,3
1975,2,4
1976,4,2
1977,2,3
1978,3,3
1979,2,4
1980,1,3
1981,4,4
1982,2,3
1983,2,3
1984,3,3
1985,2,3
1986,3,2
1987,3,4
1988,3,4
1989,3,3
1990,4,2
1991,4,2
1992,2,3
1993,4,4
1994,3,2
1995,3,2
1996,4,3
1997,2,2
1998,2,4
1999,1,3
2000,3,2
2001,4,3
2002,4,2
2003,4,2
2004,4,4
2005,4,4
2006,2,3
2007,3,5
2008,4,4
2009,4,2
2010,3,4
2011,4,4
2012,2,2
2013,4,3
2014,2,2
2015,3,4
2016,4,2
2017,4,3
2018,3,3
2019,3,3
2020,3,4
2021,2,3
2022,3,3
2023,3,3
2024,4,2
2025,4,4
2026,3,2
2027,4,2
2028,2,4
2029,3,3
2030,3,2
2031,2,3
2032,4,3
2033,3,1
2034,3,1
2035,2,3
2036,3,3
2037,3,3
2038,3,3
2039,2,3
2040,1,3
2041,2,3
2042,3,2
2043,3,2
2044,3,2
2045,3,4
2046,3,5
2047,4,3
2048,3,3
2049,3,2
2050,3,2
2051,4,3
2052,3,3
2053,3,3
2054,3,3
2055,3,2
2056,1,3
2057,3,2
2058,2,3
2059,3,3
2060,4,4
2061,2,2
2062,3,4
2063,3,4
2064,3,3
2065,1,3
2066,2,2
2067,4,3
2068,2,3
2069,3,3
2070,4,4
2071,2,3
2072,1,4
2073,1,2
2074,3,3
2075,1,3
2076,3,4
2077,2,2
2078,3,3
2079,3,2
2080,2,4
2081,4,3
2082,3,3
2083,3,3
2084,3,4
2085,4,2
2086,5,3
2087,2,2
2088,3,3
2089,3,2
2090,3,3
2091,2,3
2092,2,3
2093,2,3
2094,3,3
2095,2,3
2096,1,2
2097,3,4
2098,3,3
2099,3,1
2100,3,4
2101,2,3
2102,2,4
2103,3,2
2104,3,3
2105,3,3
2106,2,3
2107,4,3
2108,4,3
2109,2,3
2110,3,3
2111,3,4
2112,2,1
2113,2,4
2114,3,2
2115,4,4
2116,3,3
2117,3,4
2118,3,1
2119,3,3
2120,2,1
2121,3,5
2122,3,3
2123,2,2
2124,2,2
2125,3,3
2126,3,3
2127,3,3
2128,2,3
2129,4,3
2130,3,3
2131,4,3
2132,2,2
2133,2,3
2134,2,2
2135,3,2
2136,4,3
2137,3,4
2138,3,2
2139,3,4
2140,3,3
2141,3,3
2142,4,2
2143,3,3
2144,2,2
2145,5,2
2146,4,3
2147,2,4
2148,2,3
2149,3,4
2150,2,2
2151,4,2
2152,3,3
2153,3,3
2154,4,2
2155,3,4
2156,4,3
2157,3,1
2158,3,3
2159,3,3
2160,4,3
2161,4,2
2162,4,4
2163,3,3
2164,3,3
2165,2,4
2166,3,3
2167,2,3
2168,3,3
2169,4,3
2170,3,3
2171,3,2
2172,3,2
2173,3,3
2174,4,3
2175,2,3
2176,4,2
2177,2,3
2178,3,2
2179,3,3
2180,4,3
2181,1,4
2182,1,4
2183,2,3
2184,3,3
2185,3,2
2186,4,3
2187,3,3
2188,3,3
2189,4,2
2190,3,2
2191,3,2
2192,2,4
2193,2,3
2194,2,1
2195,3,3
2196,4,3
2197,4,3
2198,3,3
2199,3,3
2200,2,4
2201,4,2
2202,2,4
2203,3,2
2204,3,3
2205,3,1
2206,3,2
2207,4,4
2208,2,3
2209,3,3
2210,2,3
2211,2,3
2212,2,3
2213,3,3
2214,2,3
2215,4,2
2216,4,2
2217,3,4
2218,2,4
2219,2,3
2220,3,3
2221,3,4
2222,2,3
2223,3,4
2224,3,3
2225,4,3
2226,3,2
2227,2,3
2228,2,2
2229,3,4
2230,2,3
2231,3,3
2232,3,2
2233,3,4
2234,2,4
2235,4,3
2236,4,3
2237,4,4
2238,2,3
2239,4,3
2240,3,5
2241,3,3
2242,2,3
2243,4,2
2244,1,4
2245,2,3
2246,3,2
2247,3,3
2248,4,3
2249,2,4
2250,0,3
2251,2,3
2252,2,3
2253,2,3
2254,1,3
2255,2,4
2256,4,4
2257,3,2
2258,3,2
2259,4,3
2260,3,2
2261,4,3
2262,3,3
2263,3,3
2264,3,2
2265,2,3
2266,3,2
2267,2,2
2268,3,4
2269,4,3
2270,3,3
2271,3,4
2272,1,3
2273,2,3
2274,3,3
2275,4,3
2276,2,3
2277,4,3
2278,3,4
2279,4,3
2280,3,2
2281,0,3
2282,2,1
2283,4,3
2284,2,4
2285,4,4
2286,4,4
2287,4,4
2288,4,2
2289,4,3
2290,2,3
2291,4,3
2292,3,2
2293,3,3
2294,2,3
2295,2,3
2296,4,3
2297,4,4
2298,2,2
2299,2,4
2300,3,0
2301,2,3
2302,2,3
2303,4,4
2304,4,1
2305,3,3
2306,3,4
2307,4,2
2308,3,3
2309,3,3
2310,3,4
2311,2,3
2312,2,5
2313,3,3
2314,2,3
2315,2,4
2316,2,3
2317,3,3
2318,4,3
2319,1,4
2320,4,3
2321,2,1
2322,2,4
2323,2,3
2324,3,3
2325,4,3
2326,3,3
2327,4,2
2328,3,3
2329,4,1
2330,4,2
2331,2,3
2332,3,3
2333,2,4
2334,3,4
2335,3,2
2336,2,3
2337,4,3
2338,4,3
2339,4,3
2340,4,3
2341,3,3
2342,2,3
2343,4,4
2344,2,3
2345,3,3
2346,4,3
2347,3,3
2348,4,3
2349,4,3
2350,4,2
2351,4,3
2352,3,2
2353,3,3
2354,3,1
2355,4,2
2356,2,2
2357,3,3
2358,3,3
2359,4,4
2360,3,3
2361,3,3
2362,4,3
2363,3,4
2364,3,2
2365,2,5
2366,3,3
2367,5,2
2368,3,4
2369,2,2
2370,1,3
2371,4,4
2372,3,3
2373,3,3
2374,3,3
2375,3,3
2376,3,2
2377,2,2
2378,3,3
2379,3,4
2380,2,3
2381,2,3
2382,3,3
2383,3,2
2384,4,3
2385,3,3
2386,3,2
2387,2,3
2388,2,4
2389,4,3
2390,4,2
2391,2,3
2392,3,3
2393,1,3
2394,4,2
2395,2,4
2396,4,3
2397,3,2
2398,4,2
2399,3,4
2400,3,3
2401,3,4
2402,3,2
2403,3,3
2404,2,2
2405,4,3
2406,2,1
2407,2,2
2408,4,2
2409,3,3
2410,3,2
2411,3,3
2412,3,3
2413,3,4
2414,4,3
2415,2,3
2416,3,1
2417,4,4
2418,3,2
2419,3,3
2420,3,4
2421,3,3
2422,4,3
2423,4,1
2424,4,3
2425,3,4
2426,3,4
2427,3,3
2428,0,4
2429,1,4
2430,3,4
2431,2,3
2432,2,3
2433,3,4
2434,3,4
2435,2,4
2436,4,3
2437,2,3
2438,3,4
2439,2,3
2440,3,4
2441,4,3
2442,1,3
2443,2,4
2444,3,2
2445,3,2
2446,2,1
2447,4,1
2448,4,3
2449,2,3
2450,4,1
2451,1,3
2452,4,2
2453,5,3
2454,3,1
2455,2,3
2456,3,3
2457,2,3
2458,4,3
2459,2,3
2460,4,3
2461,3,3
2462,3,2
2463,2,2
2464,3,2
2465,3,6
2466,3,4
2467,3,2
2468,4,3
2469,3,3
2470,2,4
2471,2,4
2472,3,3
2473,4,3
2474,3,3
2475,2,3
2476,4,3
2477,2,4
2478,4,1
2479,3,3
2480,1,4
2481,3,2
2482,4,3
2483,3,4
2484,2,3
2485,1,3
2486,3,3
2487,3,3
2488,4,3
2489,4,4
2490,3,3
2491,3,4
2492,2,3
2493,3,2
2494,4,3
2495,3,2
2496,3,4
2497,2,4
2498,3,2
2499,2,2
2500,2,3
2501,2,4
2502,2,2
2503,3,2
2504,2,3
2505,3,2
2506,4,2
2507,4,4
2508,2,3
2509,3,3
2510,3,2
2511,2,3
2512,4,3
2513,4,3
2514,4,2
2515,4,2
2516,3,4
2517,4,3
2518,4,4
2519,3,3
2520,3,4
2521,3,3
2522,3,3
2523,2,3
2524,4,1
2525,3,3
2526,3,3
2527,3,3
2528,3,4
2529,3,4
2530,3,3
2531,4,4
2532,2,2
2533,3,3
2534,2,2
2535,2,3
2536,1,2
2537,3,4
2538,2,4
2539,2,3
2540,3,2
2541,3,2
2542,4,2
2543,3,3
2544,3,2
2545,2,4
2546,3,2
2547,4,2
2548,3,2
2549,5,2
2550,2,2
2551,3,3
2552,3,3
2553,4,3
2554,3,2
2555,4,2
2556,4,3
2557,2,3
2558,3,3
2559,2,4
2560,2,4
2561,3,4
2562,3,2
2563,4,4
2564,3,3
2565,3,3
2566,3,1
2567,1,4
2568,4,3
2569,3,3
2570,3,4
2571,3,3
2572,4,2
2573,4,3
2574,2,4
2575,3,2
2576,2,4
2577,3,3
2578,3,2
2579,3,2
2580,3,2
2581,4,3
2582,3,3
2583,2,3
2584,3,2
2585,4,3
2586,3,3
2587,4,4
2588,4,3
2589,3,3
2590,2,3
2591,4,4
2592,2,3
2593,3,2
2594,4,3
2595,3,4
2596,4,2
2597,2,3
2598,4,4
2599,4,2
2600,4,2
2601,3,2
2602,1,4
2603,3,3
2604,4,3
2605,3,2
2606,4,4
2607,3,2
2608,4,3
2609,2,2
2610,2,3
2611,3,2
2612,2,3
2613,2,3
2614,4,3
2615,4,4
2616,2,3
2617,3,3
2618,3,3
2619,2,3
2620,3,2
2621,2,4
2622,3,3
2623,4,2
2624,3,2
2625,4,0
2626,4,2
2627,2,4
2628,1,3
2629,4,3
2630,3,3
2631,2,3
2632,2,1
2633,3,3
2634,4,4
2635,3,2
2636,4,2
2637,3,4
2638,2,2
2639,3,2
2640,4,2
2641,4,3
2642,3,4
2643,3,3
2644,2,3
2645,2,5
2646,3,3
2647,4,3
2648,3,4
2649,4,4
2650,3,4
2651,4,2
2652,3,4
2653,2,2
2654,2,3
2655,3,2
2656,2,4
2657,2,4
2658,4,4
2659,3,2
2660,3,2
2661,3,3
2662,3,2
2663,4,3
2664,2,2
2665,5,2
2666,3,3
2667,3,1
2668,2,4
2669,1,3
2670,4,1
2671,3,3
2672,2,4
2673,3,3
2674,2,3
2675,4,2
2676,3,2
2677,4,3
2678,3,2
2679,3,3
2680,4,4
2681,3,4
2682,3,4
2683,4,3
2684,4,3
2685,3,4
2686,4,4
2687,3,4
2688,1,3
2689,3,3
2690,2,2
2691,3,3
2692,4,4
2693,3,3
2694,3,3
2695,3,4
2696,4,3
2697,2,4
2698,2,2
2699,3,1
2700,3,3
2701,3,2
2702,3,3
2703,3,2
2704,2,3
2705,4,2
2706,3,5
2707,4,1
2708,2,4
2709,2,2
2710,4,3
2711,3,2
2712,3,3
2713,2,4
2714,2,3
2715,3,2
2716,3,2
2717,3,3
2718,3,4
2719,3,4
2720,3,3
2721,3,3
2722,3,3
2723,2,2
2724,3,3
2725,3,3
2726,3,4
2727,2,4
2728,3,3
2729,4,2
2730,2,3
2731,2,3
2732,3,4
2733,4,3
2734,2,3
2735,4,3
2736,2,3
2737,2,3
2738,2,3
2739,3,2
2740,1,3
2741,2,3
2742,3,2
2743,2,3
2744,2,3
2745,5,3
2746,2,3
2747,3,3
2748,2,3
2749,3,4
2750,4,3
2751,4,3
2752,3,2
2753,1,2
2754,4,3
2755,3,3
2756,2,4
2757,2,3
2758,4,3
2759,2,4
2760,3,4
2761,3,3
2762,3,3
2763,4,3
2764,2,2
2765,3,2
2766,3,4
2767,1,2
2768,2,4
2769,1,4
2770,2,3
2771,2,4
2772,4,4
2773,4,3
2774,1,3
2775,3,1
2776,3,1
2777,3,4
2778,3,3
2779,2,3
2780,3,2
2781,3,2
2782,2,3
2783,3,1
2784,3,3
2785,2,2
2786,2,3
2787,3,5
2788,3,4
2789,2,3
2790,2,4
2791,2,4
2792,4,3
2793,4,3
2794,2,3
2795,3,3
2796,2,4
2797,4,3
2798,4,1
2799,4,3
2800,2,3
2801,1,2
2802,3,3
2803,2,4
2804,2,4
2805,3,2
2806,2,3
2807,2,4
2808,1,2
2809,4,3
2810,3,3
2811,2,3
2812,4,3
2813,3,3
2814,2,4
2815,2,4
2816,3,3
2817,3,3
2818,3,3
2819,3,2
2820,2,3
2821,4,3
2822,4,4
2823,2,4
2824,3,4
2825,3,3
2826,2,3
2827,4,3
2828,3,3
2829,3,3
2830,1,2
2831,4,4
2832,3,4
2833,4,2
2834,3,3
2835,3,3
2836,3,3
2837,2,3
2838,4,3
2839,1,2
2840,2,2
2841,3,4
2842,3,4
2843,3,3
2844,3,4
2845,3,3
2846,3,2
2847,3,4
2848,3,3
2849,2,3
2850,2,2
2851,3,3
2852,2,1
2853,3,4
2854,3,4
2855,4,3
2856,4,4
2857,3,3
2858,3,2
2859,3,4
2860,4,2
2861,3,3
2862,2,4
2863,3,2
2864,2,2
2865,3,3
2866,3,3
2867,4,2
2868,2,4
2869,1,4
2870,3,4
2871,3,3
2872,3,3
2873,2,4
2874,3,2
2875,2,3
2876,3,4
2877,4,5
2878,3,2
2879,2,3
2880,3,3
2881,4,3
2882,2,3
2883,3,1
2884,3,2
2885,2,2
2886,3,3
2887,3,4
2888,4,3
2889,4,2
2890,4,2
2891,3,4
2892,2,3
2893,3,2
2894,2,4
2895,1,2
2896,4,4
2897,4,3
2898,3,2
2899,3,3
2900,4,1
2901,3,4
2902,2,3
2903,3,3
2904,2,3
2905,2,3
2906,1,2
2907,4,4
2908,2,4
2909,3,2
2910,2,4
2911,3,2
2912,2,3
2913,3,2
2914,3,4
2915,2,3
2916,3,3
2917,3,3
2918,3,4
2919,3,5
2920,2,3
2921,2,4
2922,3,3
2923,2,3
2924,4,3
2925,4,3
2926,3,3
2927,4,2
2928,2,3
2929,3,2
2930,4,3
2931,3,3
2932,4,3
2933,3,2
2934,4,2
2935,3,3
2936,3,3
2937,3,4
2938,2,3
2939,4,4
2940,5,3
2941,3,4
2942,2,3
2943,0,3
2944,3,3
2945,3,3
2946,3,4
2947,2,4
2948,3,2
2949,2,3
2950,2,3
2951,4,2
2952,3,3
2953,2,3
2954,1,4
2955,1,3
2956,4,2
2957,2,4
2958,2,4
2959,2,2
2960,2,3
2961,2,2
2962,3,4
2963,3,3
2964,4,4
2965,4,2
2966,2,3
2967,2,4
2968,3,4
2969,3,4
2970,4,3
2971,2,3
2972,4,3
2973,3,4
2974,3,3
2975,1,3
2976,3,1
2977,3,2
2978,4,3
2979,1,4
2980,3,3
2981,2,3
2982,2,3
2983,3,2
2984,4,3
2985,3,4
2986,2,2
2987,2,3
2988,2,4
2989,2,1
2990,2,3
2991,2,2
2992,2,2
2993,2,3
2994,2,3
2995,2,4
2996,3,4
2997,3,3
2998,4,3
2999,3,1
3000,3,2
3001,3,3
3002,3,4
3003,3,3
3004,4,2
3005,2,2
3006,3,3
3007,1,4
3008,4,3
3009,3,1
3010,2,3
3011,1,2
3012,3,2
3013,2,3
3014,3,3
3015,2,2
3016,2,4
3017,2,3
3018,2,3
3019,3,4
3020,4,3
3021,3,3
3022,2,4
3023,4,3
3024,2,4
3025,4,5
3026,3,4
3027,4,3
3028,3,3
3029,3,3
3030,3,3
3031,3,2
3032,4,2
3033,2,1
3034,1,4
3035,2,4
3036,3,2
3037,2,3
3038,5,2
3039,3,3
3040,4,4
3041,3,3
3042,2,3
3043,3,3
3044,3,2
3045,3,2
3046,3,1
3047,3,4
3048,4,2
3049,1,0
3050,2,3
3051,2,3
3052,3,2
3053,4,2
3054,4,3
3055,3,3
3056,3,3
3057,2,3
3058,3,3
3059,2,3
3060,4,2
3061,4,2
3062,3,3
3063,2,3
3064,5,3
3065,3,1
3066,2,3
3067,2,3
3068,2,3
3069,4,3
3070,3,3
3071,4,4
3072,3,2
3073,5,3
3074,4,2
3075,2,3
3076,4,4
3077,3,3
3078,3,3
3079,2,4
3080,3,3
3081,4,2
3082,4,3
3083,3,2
3084,4,3
3085,3,2
3086,2,4
3087,3,4
3088,3,4
3089,3,4
3090,3,3
3091,3,4
3092,3,2
3093,4,2
3094,2,4
3095,2,2
3096,3,4
3097,2,3
3098,3,3
3099,2,4
3100,3,3
3101,4,3
3102,3,4
3103,4,2
3104,2,2
3105,3,4
3106,3,3
3107,2,2
3108,1,3
3109,3,4
3110,2,2
3111,1,4
3112,2,3
3113,3,4
3114,3,3
3115,4,2
3116,3,2
3117,4,3
3118,5,2
3119,3,2
3120,3,2
3121,3,4
3122,1,1
3123,2,3
3124,3,4
3125,4,3
3126,2,3
3127,3,3
3128,2,2
3129,3,2
3130,3,3
3131,2,3
3132,5,3
3133,3,3
3134,3,2
3135,3,3
3136,3,3
3137,2,3
3138,2,3
3139,2,2
3140,3,3
3141,2,3
3142,4,4
3143,2,1
3144,3,3
3145,3,2
3146,3,3
3147,3,4
3148,2,4
3149,3,4
3150,2,2
3151,3,3
3152,3,3
3153,3,3
3154,3,3
3155,3,3
3156,3,2
3157,4,4
3158,2,1
3159,4,2
3160,4,4
3161,2,4
3162,1,4
3163,3,3
3164,3,3
3165,4,1
3166,2,3
3167,3,3
3168,3,4
3169,2,2
3170,2,2
3171,3,4
3172,2,3
3173,3,2
3174,4,4
3175,3,1
3176,5,2
3177,4,2
3178,2,3
3179,3,2
3180,3,4
3181,4,4
3182,5,2
3183,3,2
3184,3,4
3185,2,3
3186,2,4
3187,4,1
3188,4,4
3189,2,3
3190,3,3
3191,4,3
3192,3,3
3193,2,1
3194,3,2
3195,3,3
3196,4,2
3197,4,4
3198,2,2
3199,3,4
3200,1,3
3201,2,4
3202,3,3
3203,2,3
3204,3,4
3205,3,2
3206,3,3
3207,3,3
3208,4,2
3209,3,3
3210,3,3
3211,2,3
3212,3,4
3213,4,3
3214,3,2
3215,3,4
3216,3,3
3217,3,2
3218,2,4
3219,2,1
3220,3,3
3221,4,3
3222,4,1
3223,3,5
3224,2,3
3225,2,1
3226,4,2
3227,2,4
3228,3,3
3229,3,2
3230,3,3
3231,3,3
3232,3,3
3233,2,3
3234,3,3
3235,5,2
3236,1,2
3237,3,3
3238,3,4
3239,2,3
3240,2,4
3241,3,2
3242,4,3
3243,3,4
3244,3,3
3245,2,3
3246,3,3
3247,3,3
3248,3,2
3249,2,3
3250,4,2
3251,3,3
3252,2,2
3253,2,2
3254,2,2
3255,3,4
3256,3,2
3257,4,1
3258,1,3
3259,3,2
3260,2,3
3261,2,2
3262,5,4
3263,4,3
3264,2,2
3265,3,2
3266,2,3
3267,3,2
3268,2,3
3269,2,3
3270,2,4
3271,2,3
3272,3,3
3273,3,3
3274,1,3
3275,3,2
3276,3,4
3277,3,3
3278,3,2
3279,3,3
3280,4,3
3281,3,4
3282,4,2
3283,3,3
3284,3,2
3285,3,2
3286,2,2
3287,3,3
3288,4,2
3289,4,3
3290,1,4
3291,2,4
3292,2,2
3293,3,3
3294,3,2
3295,4,4
3296,3,3
3297,3,3
3298,3,3
3299,3,1
3300,2,2
3301,2,4
3302,2,2
3303,3,4
3304,3,3
3305,3,4
3306,5,3
3307,3,3
3308,2,3
3309,2,1
3310,2,2
3311,3,4
3312,4,3
3313,2,3
3314,4,2
3315,3,3
3316,3,4
3317,2,2
3318,3,4
3319,4,3
3320,3,3
3321,2,3
3322,4,3
3323,3,3
3324,2,3
3325,2,4
3326,3,3
3327,3,4
3328,2,3
3329,2,3
3330,3,3
3331,3,4
3332,3,1
3333,3,2
3334,2,3
3335,3,4
3336,1,3
3337,2,3
3338,3,4
3339,4,3
3340,2,3
3341,2,3
3342,3,3
3343,1,3
3344,3,3
3345,3,4
3346,4,1
3347,3,2
3348,3,3
3349,3,2
3350,3,3
3351,2,2
3352,3,4
3353,3,2
3354,3,3
3355,3,3
3356,3,2
3357,3,2
3358,3,4
3359,4,4
3360,4,4
3361,4,3
3362,2,2
3363,4,3
3364,3,3
3365,1,2
3366,2,3
3367,4,3
3368,3,2
3369,3,3
3370,4,3
3371,3,3
3372,4,3
3373,1,3
3374,2,2
3375,3,2
3376,2,4
3377,1,3
3378,2,4
3379,5,3
3380,5,4
3381,2,2
3382,3,2
3383,3,3
3384,2,3
3385,4,3
3386,1,3
3387,2,3
3388,3,3
3389,2,2
3390,2,3
3391,3,1
3392,4,3
3393,2,4
3394,2,3
3395,3,3
3396,2,2
3397,3,3
3398,2,4
3399,2,2
3400,2,3
3401,4,2
3402,3,3
3403,2,2
3404,2,3
3405,2,4
3406,3,3
3407,2,2
3408,2,3
3409,1,3
3410,3,3
3411,4,3
3412,3,4
3413,3,3
3414,5,2
3415,2,2
3416,4,3
3417,4,1
3418,2,3
3419,2,1
3420,4,3
3421,3,2
3422,3,3
3423,3,2
3424,3,2
3425,3,4
3426,2,3
3427,3,3
3428,2,3
3429,3,3
3430,4,2
3431,3,2
3432,3,4
3433,3,4
3434,2,3
3435,3,3
3436,3,3
3437,2,4
3438,3,3
3439,2,4
3440,4,4
3441,4,2
3442,5,3
3443,1,3
3444,3,2
3445,2,4
3446,4,3
3447,3,2
3448,3,3
3449,2,3
3450,5,4
3451,1,2
3452,1,3
3453,3,3
3454,2,4
3455,3,4
3456,3,1
3457,3,4
3458,4,3
3459,3,2
3460,3,1
3461,2,3
3462,3,3
3463,2,3
3464,3,2
3465,2,3
3466,2,2
3467,4,2
3468,3,3
3469,2,2
3470,2,2
3471,3,3
3472,3,3
3473,3,2
3474,3,4
3475,2,3
3476,2,2
3477,3,2
3478,3,3
3479,3,3
3480,3,2
3481,5,2
3482,3,3
3483,3,4
3484,3,2
3485,4,3
3486,3,4
3487,3,4
3488,5,3
3489,2,3
3490,4,3
3491,3,2
3492,4,3
3493,1,3
3494,4,3
3495,3,4
3496,2,3
3497,2,4
3498,4,3
3499,3,2
3500,2,3
3501,1,3
3502,4,2
3503,3,2
3504,4,2
3505,3,4
3506,2,4
3507,5,2
3508,4,3
3509,3,2
3510,4,3
3511,4,3
3512,3,3
3513,3,4
3514,2,4
3515,3,3
3516,3,4
3517,2,2
3518,3,1
3519,3,3
3520,4,2
3521,3,2
3522,4,4
3523,3,3
3524,3,3
3525,1,4
3526,1,3
3527,3,5
3528,3,2
3529,4,4
3530,4,1
3531,4,2
3532,2,3
3533,2,3
3534,4,2
3535,3,3
3536,2,3
3537,3,1
3538,4,2
3539,3,3
3540,3,1
3541,3,2
3542,3,5
3543,3,4
3544,3,3
3545,3,4
3546,3,3
3547,2,2
3548,4,3
3549,3,3
3550,4,3
3551,3,2
3552,2,3
3553,4,2
3554,2,3
3555,4,3
3556,4,3
3557,2,3
3558,4,3
3559,2,3
3560,2,4
3561,4,1
3562,1,2
3563,4,2
3564,3,3
3565,3,3
3566,2,4
3567,4,4
3568,1,3
3569,2,2
3570,3,4
3571,4,3
3572,2,3
3573,3,0
3574,3,4
3575,2,3
3576,3,3
3577,3,1
3578,3,3
3579,1,3
3580,3,2
3581,3,1
3582,4,3
3583,3,4
3584,3,2
3585,3,3
3586,2,2
3587,2,3
3588,2,3
3589,3,4
3590,3,4
3591,3,3
3592,2,4
3593,2,3
3594,3,2
3595,3,4
3596,4,3
3597,1,2
3598,4,3
3599,3,2
3600,5,3
3601,3,1
3602,3,2
3603,3,4
3604,2,3
3605,2,3
3606,3,1
3607,2,3
3608,4,4
3609,2,3
3610,5,2
3611,3,2
3612,3,4
3613,3,2
3614,3,4
3615,3,4
3616,3,3
3617,4,2
3618,4,2
3619,2,2
3620,4,1
3621,3,3
3622,3,2
3623,2,2
3624,2,3
3625,3,3
3626,2,3
3627,2,3
3628,2,1
3629,4,3
3630,4,3
3631,1,3
3632,2,3
3633,2,3
3634,3,3
3635,2,3
3636,3,3
3637,4,3
3638,3,3
3639,3,2
3640,5,2
3641,1,2
3642,3,2
3643,2,3
3644,2,3
3645,2,2
3646,3,3
3647,2,3
3648,3,3
3649,4,2
3650,1,3
3651,4,2
3652,3,3
3653,1,4
3654,4,2
3655,2,4
3656,3,3
3657,3,3
3658,3,3
3659,2,3
3660,2,3
3661,4,1
3662,3,3
3663,3,3
3664,3,3
3665,3,2
3666,3,3
3667,3,4
3668,2,3
3669,3,5
3670,3,4
3671,2,2
3672,4,4
3673,2,2
3674,3,3
3675,3,4
3676,4,3
3677,3,2
3678,3,3
3679,3,3
3680,4,4
3681,2,3
3682,3,4
3683,2,3
3684,3,4
3685,2,2
3686,2,2
3687,4,4
3688,2,1
3689,2,3
3690,3,2
3691,3,3
3692,4,2
3693,3,4
3694,4,4
3695,3,4
3696,3,3
3697,4,2
3698,4,2
3699,4,3
3700,3,3
3701,3,2
3702,2,3
3703,3,3
3704,2,3
3705,3,4
3706,4,2
3707,3,1
3708,2,4
3709,3,2
3710,3,3
3711,3,5
3712,3,3
3713,2,3
3714,2,4
3715,3,3
3716,2,4
3717,3,1
3718,3,2
3719,3,2
3720,4,3
3721,4,4
3722,2,3
3723,3,2
3724,3,3
3725,3,3
3726,2,2
3727,3,3
3728,2,4
3729,3,3
3730,3,4
3731,3,2
3732,3,2
3733,3,3
3734,3,3
3735,3,4
3736,5,4
3737,4,4
3738,3,2
3739,3,3
3740,1,4
3741,3,3
3742,4,4
3743,3,2
3744,4,2
3745,2,3
3746,4,2
3747,3,4
3748,4,4
3749,2,3
3750,3,1
3751,2,3
3752,2,4
3753,1,3
3754,3,3
3755,4,4
3756,2,4
3757,1,3
3758,4,2
3759,5,3
3760,2,3
3761,3,3
3762,3,3
3763,3,3
3764,4,3
3765,3,2
3766,3,4
3767,3,2
3768,3,3
3769,3,3
3770,1,4
3771,4,4
3772,3,2
3773,2,3
3774,3,4
3775,2,5
3776,3,1
3777,3,3
3778,3,3
3779,3,3
3780,1,3
3781,4,2
3782,3,2
3783,2,4
3784,3,2
3785,3,2
3786,3,4
3787,2,3
3788,2,3
3789,2,1
3790,3,4
3791,3,4
3792,4,3
3793,3,2
3794,3,3
3795,3,4
3796,4,1
3797,4,4
3798,2,2
3799,3,3
3800,3,4
3801,3,3
3802,2,3
3803,3,4
3804,2,3
3805,3,2
3806,4,4
3807,3,3
3808,2,4
3809,3,3
3810,3,3
3811,2,4
3812,2,3
3813,3,3
3814,2,2
3815,3,2
3816,3,3
3817,2,2
3818,2,1
3819,4,4
3820,3,4
3821,3,2
3822,1,2
3823,1,3
3824,3,4
3825,4,2
3826,2,5
3827,4,3
3828,4,3
3829,3,4
3830,2,4
3831,3,2
3832,5,1
3833,3,5
3834,4,3
3835,1,2
3836,2,2
3837,3,2
3838,5,1
3839,3,3
3840,2,3
3841,4,2
3842,3,3
3843,4,3
3844,4,2
3845,3,4
3846,3,3
3847,1,5
3848,2,3
3849,4,2
3850,3,4
3851,3,1
3852,3,3
3853,1,2
3854,4,3
3855,4,4
3856,3,3
3857,2,2
3858,4,3
3859,4,2
3860,3,3
3861,3,4
3862,4,2
3863,3,2
3864,3,4
3865,3,3
3866,3,3
3867,3,2
3868,4,3
3869,2,4
3870,3,2
3871,3,3
3872,4,3
3873,3,3
3874,2,2
3875,3,4
3876,2,2
3877,3,1
3878,4,4
3879,3,2
3880,4,3
3881,3,2
3882,3,4
3883,3,2
3884,6,3
3885,3,2
3886,3,3
3887,3,2
3888,3,4
3889,3,4
3890,3,2
3891,3,3
3892,3,3
3893,4,3
3894,1,3
3895,4,3
3896,3,3
3897,3,3
3898,4,4
3899,4,3
3900,1,3
3901,1,3
3902,2,2
3903,3,4
3904,4,3
3905,3,3
3906,3,4
3907,3,2
3908,3,2
3909,3,2
3910,3,3
3911,1,2
3912,1,2
3913,3,3
3914,3,4
3915,3,2
3916,3,3
3917,2,3
3918,3,3
3919,3,3
3920,4,2
3921,3,3
3922,2,2
3923,2,2
3924,4,2
3925,4,4
3926,2,4
3927,3,3
3928,3,3
3929,2,1
3930,2,4
3931,4,4
3932,4,4
3933,3,3
3934,4,2
3935,3,4
3936,4,3
3937,1,2
3938,4,4
3939,3,3
3940,4,4
3941,4,2
3942,2,4
3943,4,2
3944,2,3
3945,3,2
3946,3,3
3947,2,2
3948,4,4
3949,2,2
3950,4,3
3951,3,3
3952,4,4
3953,2,3
3954,4,2
3955,2,1
3956,3,3
3957,2,4
3958,2,2
3959,3,1
3960,3,3
3961,3,5
3962,2,3
3963,4,3
3964,3,3
3965,1,4
3966,3,2
3967,3,4
3968,2,3
3969,4,2
3970,3,3
3971,4,4
3972,3,2
3973,2,3
3974,1,4
3975,3,4
3976,4,5
3977,2,3
3978,3,1
3979,2,3
3980,3,3
3981,2,3
3982,3,3
3983,2,4
3984,3,3
3985,4,3
3986,3,2
3987,3,2
3988,2,4
3989,2,2
3990,3,3
3991,3,3
3992,5,2
3993,3,3
3994,3,4
3995,3,1
3996,3,4
3997,3,3
3998,3,4
3999,3,3
4000,2,2
4001,4,3
4002,1,1
4003,2,4
4004,4,3
4005,3,3
4006,2,3
4007,2,3
4008,4,3
4009,1,3
4010,3,3
4011,4,3
4012,3,4
4013,4,4
4014,3,4
4015,2,4
4016,4,4
4017,4,2
4018,4,3
4019,2,2
4020,3,4
4021,1,4
4022,3,4
4023,3,4
4024,3,2
4025,1,3
4026,2,3
4027,3,3
4028,2,3
4029,4,2
4030,3,4
4031,3,4
4032,2,4
4033,3,2
4034,3,3
4035,5,1
4036,4,3
4037,6,3
4038,3,4
4039,2,3
4040,3,3
4041,3,4
4042,3,2
4043,4,3
4044,3,5
4045,3,2
4046,2,3
4047,2,4
4048,3,3
4049,4,1
4050,2,4
4051,2,2
4052,3,2
4053,2,1
4054,4,2
4055,2,1
4056,4,1
4057,2,2
4058,3,3
4059,5,4
4060,3,4
4061,3,4
4062,4,4
4063,1,3
4064,3,4
4065,4,2
4066,2,3
4067,2,3
4068,2,2
4069,2,3
4070,4,3
4071,4,4
4072,1,4
4073,2,3
4074,3,3
4075,2,4
4076,4,2
4077,3,5
4078,3,3
4079,2,3
4080,2,2
4081,3,3
4082,4,3
4083,3,3
4084,2,3
4085,2,1
4086,3,2
4087,4,4
4088,2,3
4089,3,3
4090,3,2
4091,5,2
4092,3,4
4093,1,2
4094,3,2
4095,5,2
4096,1,4
4097,2,4
4098,3,3
4099,3,3
4100,3,2
4101,3,3
4102,2,6
4103,3,2
4104,1,4
4105,2,1
4106,3,4
4107,4,3
4108,2,2
4109,2,4
4110,3,2
4111,4,3
4112,3,3
4113,3,2
4114,3,3
4115,3,4
4116,4,2
4117,3,3
4118,4,1
4119,3,2
4120,3,3
4121,3,3
4122,2,3
4123,4,3
4124,1,5
4125,2,3
4126,2,3
4127,2,2
4128,3,1
4129,3,2
4130,4,3
4131,2,2
4132,2,2
4133,3,2
4134,3,2
4135,3,2
4136,3,3
4137,3,2
4138,3,3
4139,1,3
4140,4,3
4141,3,4
4142,3,2
4143,2,3
4144,3,2
4145,3,1
4146,4,2
4147,4,4
4148,3,3
4149,4,3
4150,3,2
4151,3,4
4152,4,2
4153,4,3
4154,2,3
4155,3,3
4156,3,3
4157,4,3
4158,1,4
4159,4,2
4160,2,3
4161,3,4
4162,3,4
4163,4,3
4164,3,3
4165,3,3
4166,3,2
4167,3,1
4168,3,4
4169,3,3
4170,3,3
4171,2,4
4172,2,3
4173,3,4
4174,3,1
4175,2,3
4176,3,4
4177,3,3
4178,2,3
4179,3,2
4180,3,4
4181,2,3
4182,3,2
4183,4,2
4184,4,3
4185,3,2
4186,4,1
4187,4,4
4188,5,2
4189,3,0
4190,1,3
4191,2,4
4192,3,3
4193,4,3
4194,3,2
4195,3,3
4196,4,3
4197,3,4
4198,3,4
4199,3,2
4200,2,4
4201,3,4
4202,2,3
4203,3,4
4204,4,1
4205,3,3
4206,3,3
4207,3,2
4208,2,5
4209,3,3
4210,3,4
4211,3,3
4212,2,3
4213,3,2
4214,3,1
4215,2,3
4216,2,3
4217,4,4
4218,3,2
4219,5,4
4220,4,3
4221,3,3
4222,3,4
4223,2,3
4224,3,2
4225,2,2
4226,3,4
4227,3,4
4228,2,2
4229,4,3
4230,3,4
4231,4,3
4232,4,3
4233,3,4
4234,2,2
4235,4,1
4236,3,3
4237,2,3
4238,4,3
4239,3,2
4240,3,3
4241,2,3
4242,3,3
4243,2,3
4244,3,3
4245,3,2
4246,2,3
4247,3,3
4248,4,4
4249,3,3
4250,3,3
4251,2,4
4252,3,2
4253,2,2
4254,2,3
4255,5,2
4256,2,4
4257,1,3
4258,2,3
4259,3,2
4260,3,4
4261,3,4
4262,3,2
4263,3,2
4264,2,3
4265,3,3
4266,3,3
4267,3,3
4268,3,2
4269,3,2
4270,3,3
4271,3,3
4272,3,3
4273,4,3
4274,3,2
4275,2,2
4276,3,3
4277,3,4
4278,3,3
4279,3,3
4280,4,4
4281,4,4
4282,3,3
4283,2,3
4284,3,4
4285,2,2
4286,3,2
4287,2,3
4288,3,4
4289,3,3
4290,3,2
4291,4,3
4292,3,2
4293,5,3
4294,2,4
4295,2,1
4296,3,3
4297,3,3
4298,2,4
4299,3,4
4300,3,3
4301,3,3
4302,3,4
4303,4,3
4304,5,4
4305,1,4
4306,2,3
4307,3,2
4308,3,3
4309,3,2
4310,3,4
4311,3,4
4312,2,3
4313,2,3
4314,3,2
4315,3,3
4316,3,2
4317,2,2
4318,1,5
4319,3,4
4320,2,3
4321,4,3
4322,2,3
4323,4,4
4324,2,2
4325,4,4
4326,1,3
4327,2,2
4328,4,2
4329,4,4
4330,3,3
4331,2,4
4332,3,2
4333,1,3
4334,3,0
4335,3,3
4336,4,2
4337,3,3
4338,3,4
4339,2,2
4340,4,4
4341,4,2
4342,2,3
4343,3,3
4344,3,3
4345,3,2
4346,3,2
4347,4,3
4348,2,3
4349,3,4
4350,4,2
4351,3,2
4352,4,3
4353,2,3
4354,4,2
4355,3,2
4356,3,3
4357,3,2
4358,3,3
4359,4,2
4360,2,4
4361,3,2
4362,3,2
4363,3,2
4364,2,3
4365,2,3
4366,4,3
4367,3,3
4368,2,2
4369,2,4
4370,5,2
4371,2,4
4372,3,1
4373,3,4
4374,2,3
4375,3,2
4376,3,2
4377,3,3
4378,3,4
4379,3,4
4380,3,3
4381,3,3
4382,2,2
4383,3,3
4384,2,4
4385,3,4
4386,3,2
4387,2,4
4388,3,4
4389,3,4
4390,4,4
4391,2,3
4392,3,3
4393,3,3
4394,4,3
4395,3,3
4396,4,3
4397,3,2
4398,4,1
4399,3,3
4400,4,2
4401,3,0
4402,2,3
4403,4,3
4404,3,3
4405,2,2
4406,3,4
4407,3,3
4408,2,3
4409,2,1
4410,4,4
4411,4,3
4412,4,2
4413,3,2
4414,4,2
4415,3,3
4416,4,2
4417,1,2
4418,3,3
4419,3,2
4420,2,3
4421,3,3
4422,3,2
4423,4,3
4424,4,4
4425,4,2
4426,3,3
4427,2,1
4428,2,3
4429,2,6
4430,3,1
4431,4,2
4432,3,3
4433,3,4
4434,3,2
4435,3,4
4436,2,3
4437,3,3
4438,3,3
4439,3,5
4440,3,2
4441,3,2
4442,3,3
4443,3,2
4444,3,2
4445,2,3
4446,3,2
4447,3,3
4448,4,3
4449,3,2
4450,5,3
4451,3,2
4452,4,2
4453,4,4
4454,2,3
4455,2,3
4456,4,2
4457,3,2
4458,3,3
4459,4,3
4460,2,5
4461,4,2
4462,3,2
4463,2,4
4464,3,1
4465,3,4
4466,1,2
4467,2,2
4468,3,3
4469,4,4
4470,3,3
4471,2,3
4472,3,1
4473,4,3
4474,3,3
4475,3,3
4476,3,3
4477,2,3
4478,4,2
4479,3,4
4480,3,3
4481,3,3
4482,4,3
4483,2,3
4484,4,4
4485,3,2
4486,2,2
4487,4,2
4488,1,3
4489,3,3
4490,2,2
4491,3,4
4492,3,3
4493,3,3
4494,4,3
4495,4,3
4496,2,3
4497,1,4
4498,3,4
4499,3,3
4500,3,3
4501,1,3
4502,3,2
4503,4,3
4504,3,3
4505,4,3
4506,3,3
4507,3,3
4508,1,4
4509,3,4
4510,2,2
4511,3,3
4512,3,3
4513,3,3
4514,3,2
4515,3,4
4516,4,3
4517,2,3
4518,4,3
4519,4,2
4520,2,3
4521,2,3
4522,3,3
4523,3,2
4524,3,3
4525,3,3
4526,3,2
4527,2,3
4528,2,4
4529,3,1
4530,2,3
4531,3,2
4532,2,1
4533,3,3
4534,4,3
4535,3,2
4536,4,2
4537,3,2
4538,3,4
4539,3,2
4540,2,3
4541,3,4
4542,3,3
4543,3,2
4544,3,2
4545,3,3
4546,2,3
4547,3,2
4548,4,3
4549,4,2
4550,2,4
4551,2,3
4552,2,4
4553,3,2
4554,4,3
4555,4,3
4556,2,3
4557,3,3
4558,3,2
4559,1,4
4560,3,4
4561,1,2
4562,2,3
4563,1,2
4564,3,3
4565,4,2
4566,3,3
4567,3,4
4568,4,4
4569,3,2
4570,2,3
4571,1,2
4572,2,3
4573,3,4
4574,5,3
4575,2,3
4576,4,3
4577,3,3
4578,2,3
4579,2,3
4580,3,3
4581,2,3
4582,3,3
4583,2,3
4584,3,3
4585,2,2
4586,2,4
4587,2,3
4588,3,3
4589,2,3
4590,3,3
4591,3,4
4592,3,4
4593,2,3
4594,2,2
4595,2,2
4596,3,3
4597,2,1
4598,1,4
4599,3,4
4600,3,3
4601,4,2
4602,2,2
4603,2,4
4604,2,2
4605,3,1
4606,2,2
4607,4,3
4608,3,3
4609,4,4
4610,3,2
4611,2,3
4612,3,3
4613,4,3
4614,3,3
4615,3,4
4616,3,3
4617,2,2
4618,3,4
4619,3,2
4620,2,2
4621,2,2
4622,2,3
4623,2,3
4624,3,3
4625,2,4
4626,3,2
4627,3,4
4628,2,4
4629,2,3
4630,3,4
4631,2,4
4632,3,3
4633,3,3
4634,3,3
4635,3,3
4636,3,2
4637,3,2
4638,1,3
4639,4,4
4640,3,3
4641,3,3
4642,1,2
4643,2,2
4644,1,4
4645,3,4
4646,4,4
4647,4,3
4648,3,3
4649,2,4
4650,4,0
4651,3,4
4652,3,3
4653,3,3
4654,3,3
4655,2,0
4656,2,3
4657,3,3
4658,4,3
4659,3,3
4660,3,3
4661,3,3
4662,2,4
4663,3,3
4664,2,4
4665,2,2
4666,4,1
4667,2,3
4668,2,2
4669,4,4
4670,3,3
4671,2,4
4672,4,5
4673,2,2
4674,5,3
4675,4,3
4676,1,4
4677,3,2
4678,1,2
4679,3,2
4680,3,3
4681,2,1
4682,2,3
4683,3,2
4684,3,4
4685,2,3
4686,4,1
4687,3,3
4688,3,3
4689,1,3
4690,4,3
4691,2,4
4692,3,3
4693,2,3
4694,2,2
4695,4,2
4696,1,3
4697,2,3
4698,3,3
4699,4,2
4700,4,3
4701,3,3
4702,2,3
4703,3,2
4704,3,4
4705,2,3
4706,3,2
4707,4,3
4708,3,3
4709,4,2
4710,2,3
4711,3,3
4712,2,3
4713,3,4
4714,3,3
4715,3,4
4716,2,2
4717,4,3
4718,3,2
4719,4,3
4720,2,4
4721,5,2
4722,4,4
4723,2,4
4724,2,3
4725,3,2
4726,3,4
4727,3,4
4728,4,3
4729,4,3
4730,2,3
4731,1,4
4732,3,2
4733,3,2
4734,2,2
4735,3,2
4736,3,4
4737,0,3
4738,2,2
4739,4,4
4740,3,3
4741,3,1
4742,2,2
4743,2,3
4744,3,3
4745,2,2
4746,4,2
4747,2,3
4748,2,3
4749,2,4
4750,3,3
4751,3,4
4752,3,2
4753,3,1
4754,3,2
4755,2,2
4756,2,4
4757,3,4
4758,3,3
4759,3,4
4760,2,1
4761,3,2
4762,3,3
4763,3,3
4764,2,2
4765,3,4
4766,2,3
4767,3,3
4768,3,4
4769,2,4
4770,2,2
4771,4,4
4772,3,2
4773,2,4
4774,3,2
4775,4,3
4776,3,3
4777,3,2
4778,4,4
4779,4,1
4780,3,3
4781,2,2
4782,1,3
4783,3,3
4784,4,4
4785,4,2
4786,3,3
4787,3,2
4788,4,2
4789,3,4
4790,2,1
4791,3,4
4792,3,3
4793,3,1
4794,4,3
4795,4,2
4796,2,2
4797,3,2
4798,3,4
4799,1,4
4800,3,3
4801,3,3
4802,3,3
4803,3,3
4804,3,4
4805,2,4
4806,1,4
4807,4,2
4808,1,2
4809,2,3
4810,2,3
4811,2,3
4812,1,3
4813,3,4
4814,4,2
4815,2,4
4816,2,3
4817,4,2
4818,3,4
4819,4,4
4820,2,3
4821,3,3
4822,3,3
4823,3,3
4824,2,3
4825,4,3
4826,2,3
4827,3,3
4828,3,3
4829,4,3
4830,3,3
4831,4,1
4832,2,4
4833,2,3
4834,3,3
4835,2,2
4836,3,3
4837,3,3
4838,3,3
4839,2,4
4840,2,3
4841,3,3
4842,3,4
4843,3,4
4844,3,3
4845,4,3
4846,2,4
4847,2,2
4848,2,2
4849,2,4
4850,4,1
4851,3,3
4852,3,1
4853,3,5
4854,3,3
4855,3,3
4856,3,3
4857,3,1
4858,3,2
4859,4,4
4860,3,2
4861,2,2
4862,3,4
4863,3,4
4864,3,3
4865,4,3
4866,4,1
4867,3,4
4868,4,4
4869,4,3
4870,2,2
4871,2,3
4872,5,3
4873,3,4
4874,2,4
4875,4,3
4876,4,2
4877,2,2
4878,4,3
4879,2,2
4880,4,2
4881,2,4
4882,1,4
4883,3,2
4884,3,2
4885,2,2
4886,3,3
4887,3,2
4888,3,2
4889,2,3
4890,3,4
4891,3,2
4892,3,2
4893,4,1
4894,3,1
4895,3,3
4896,3,3
4897,3,3
4898,3,2
4899,2,3
4900,3,3
4901,3,2
4902,2,4
4903,3,4
4904,4,4
4905,2,3
4906,4,2
4907,4,4
4908,2,4
4909,4,3
4910,3,2
4911,2,1
4912,3,3
4913,3,1
4914,2,2
4915,3,3
4916,2,4
4917,4,3
4918,2,2
4919,2,1
4920,3,2
4921,2,3
4922,3,3
4923,3,3
4924,3,3
4925,3,4
4926,1,1
4927,3,3
4928,4,4
4929,4,3
4930,4,3
4931,4,3
4932,4,2
4933,2,3
4934,4,2
4935,3,3
4936,5,3
4937,2,3
4938,2,3
4939,4,3
4940,3,2
4941,2,3
4942,3,3
4943,3,3
4944,2,3
4945,3,3
4946,4,3
4947,3,4
4948,2,4
4949,3,3
4950,1,2
4951,2,2
4952,2,4
4953,4,2
4954,2,3
4955,2,2
4956,3,3
4957,3,4
4958,3,3
4959,4,4
4960,4,2
4961,3,4
4962,3,2
4963,2,4
4964,3,2
4965,3,5
4966,4,2
4967,3,4
4968,3,3
4969,3,3
4970,3,2
4971,2,2
4972,3,3
4973,4,3
4974,3,3
4975,2,2
4976,3,5
4977,2,4
4978,2,2
4979,3,2
4980,4,2
4981,4,3
4982,2,4
4983,3,4
4984,1,3
4985,2,2
4986,2,2
4987,4,4
4988,2,4
4989,4,3
4990,1,3
4991,3,2
4992,2,2
4993,2,2
4994,3,2
4995,3,3
4996,3,4
4997,3,4
4998,3,4
4999,3,3
5000,3,3
5001,4,3
5002,3,3
5003,2,3
5004,3,2
5005,4,3
5006,4,2
5007,3,3
5008,3,3
5009,3,3
5010,2,2
5011,4,4
5012,3,4
5013,4,2
5014,4,3
5015,3,2
5016,4,3
5017,3,3
5018,3,3
5019,1,4
5020,4,4
5021,3,2
5022,3,4
5023,2,4
5024,3,3
5025,2,3
5026,4,2
5027,3,3
5028,2,2
5029,2,1
5030,2,3
5031,2,2
5032,2,3
5033,2,2
5034,2,5
5035,3,2
5036,3,4
5037,1,4
5038,3,3
5039,2,2
5040,1,2
5041,2,3
5042,4,2
5043,3,3
5044,3,2
5045,2,4
5046,3,3
5047,2,3
5048,3,3
5049,1,3
5050,2,3
5051,3,3
5052,2,4
5053,4,4
5054,3,2
5055,3,3
5056,4,3
5057,3,2
5058,3,2
5059,3,3
5060,1,3
5061,3,3
5062,4,2
5063,3,4
5064,3,3
5065,2,3
5066,3,3
5067,3,3
5068,4,3
5069,3,2
5070,2,5
5071,3,3
5072,3,3
5073,3,3
5074,3,4
5075,3,3
5076,2,3
5077,2,3
5078,3,3
5079,3,1
5080,3,2
5081,1,4
5082,2,4
5083,3,3
5084,3,2
5085,4,3
5086,2,4
5087,2,3
5088,3,1
5089,2,2
5090,3,2
5091,3,3
5092,3,3
5093,3,4
5094,3,4
5095,2,4
5096,3,3
5097,3,1
5098,4,2
5099,2,3
5100,4,3
5101,3,2
5102,3,3
5103,5,3
5104,2,2
5105,4,4
5106,4,2
5107,3,1
5108,3,3
5109,4,2
5110,2,4
5111,3,4
5112,3,2
5113,4,3
5114,2,3
5115,2,4
5116,3,3
5117,3,3
5118,1,5
5119,2,3
5120,3,4
5121,3,2
5122,3,3
5123,3,3
5124,4,3
5125,1,2
5126,4,4
5127,4,3
5128,3,4
5129,3,3
5130,3,2
5131,2,4
5132,3,4
5133,2,4
5134,2,2
5135,3,4
5136,3,3
5137,3,3
5138,4,2
5139,4,2
5140,3,2
5141,3,4
5142,2,1
5143,4,3
5144,3,2
5145,3,3
5146,4,3
5147,3,2
5148,3,2
5149,4,3
5150,3,3
5151,4,3
5152,2,4
5153,4,3
5154,2,2
5155,3,4
5156,4,2
5157,3,2
5158,3,4
5159,3,3
5160,4,3
5161,3,2
5162,3,3
5163,2,3
5164,3,2
5165,3,4
5166,3,4
5167,1,3
5168,5,3
5169,3,3
5170,2,2
5171,1,3
5172,4,3
5173,2,2
5174,3,4
5175,3,3
5176,3,1
5177,4,3
5178,2,4
5179,4,2
5180,2,5
5181,3,2
5182,3,2
5183,3,1
5184,3,3
5185,3,3
5186,3,4
5187,3,3
5188,3,4
5189,2,4
5190,4,2
5191,2,2
5192,3,2
5193,2,3
5194,4,2
5195,2,2
5196,2,3
5197,3,4
5198,2,3
5199,1,3
5200,1,3
5201,2,3
5202,2,2
5203,4,3
5204,3,3
5205,1,4
5206,3,3
5207,3,3
5208,1,3
5209,4,3
5210,4,2
5211,4,4
5212,3,4
5213,3,3
5214,3,3
5215,2,3
5216,4,3
5217,2,3
5218,3,3
5219,3,2
5220,2,3
5221,2,2
5222,3,2
5223,4,3
5224,3,4
5225,3,2
5226,2,3
5227,2,3
5228,3,3
5229,3,3
5230,2,2
5231,2,3
5232,2,3
5233,3,3
5234,2,3
5235,3,3
5236,3,2
5237,3,3
5238,3,3
5239,1,4
5240,3,3
5241,5,4
5242,4,3
5243,2,2
5244,3,3
5245,4,2
5246,2,4
5247,3,3
5248,3,2
5249,2,2
5250,3,3
5251,3,2
5252,2,3
5253,2,3
5254,2,4
5255,3,4
5256,3,3
5257,3,2
5258,4,4
5259,4,3
5260,3,2
5261,4,1
5262,4,3
5263,2,3
5264,2,3
5265,3,3
5266,4,4
5267,3,3
5268,5,2
5269,2,3
5270,4,3
5271,4,2
5272,3,3
5273,4,2
5274,1,2
5275,4,2
5276,2,3
5277,3,3
5278,3,1
5279,3,4
5280,3,2
5281,3,2
5282,3,4
5283,3,2
5284,2,3
5285,3,2
5286,3,3
5287,1,2
5288,1,3
5289,3,2
5290,3,3
5291,5,3
5292,1,2
5293,2,3
5294,2,4
5295,2,4
5296,2,2
5297,3,3
5298,4,3
5299,3,2
5300,1,3
5301,3,4
5302,3,3
5303,3,3
5304,4,2
5305,2,2
5306,3,2
5307,4,2
5308,3,3
5309,3,2
5310,1,2
5311,3,3
5312,4,3
5313,3,3
5314,3,4
5315,2,2
5316,3,3
5317,3,3
5318,3,4
5319,1,2
5320,4,4
5321,4,2
5322,3,3
5323,3,1
5324,4,3
5325,3,3
5326,4,3
5327,3,4
5328,3,2
5329,2,2
5330,3,2
5331,3,2
5332,4,1
5333,2,2
5334,4,4
5335,3,3
5336,4,2
5337,4,2
5338,1,3
5339,2,2
5340,2,3
5341,4,2
5342,4,4
5343,3,2
5344,3,3
5345,2,3
5346,4,2
5347,3,2
5348,4,4
5349,3,3
5350,3,2
5351,4,4
5352,3,2
5353,3,2
5354,4,2
5355,3,3
5356,4,3
5357,2,4
5358,4,2
5359,3,4
5360,4,3
5361,3,4
5362,3,4
5363,2,2
5364,3,3
5365,2,3
5366,2,3
5367,4,3
5368,3,4
5369,1,3
5370,3,4
5371,3,3
5372,3,2
5373,3,2
5374,1,3
5375,3,3
5376,3,3
5377,3,5
5378,3,2
5379,3,2
5380,4,2
5381,4,2
5382,4,3
5383,3,3
5384,3,2
5385,3,3
5386,3,5
5387,2,4
5388,4,3
5389,2,3
5390,1,1
5391,2,3
5392,2,3
5393,3,3
5394,1,4
5395,3,2
5396,2,2
5397,4,1
5398,4,1
5399,3,1
5400,3,2
5401,3,2
5402,3,4
5403,3,3
5404,3,2
5405,3,3
5406,3,3
5407,4,2
5408,3,4
5409,4,2
5410,3,1
5411,4,3
5412,3,3
5413,3,3
5414,3,3
5415,3,4
5416,2,2
5417,4,3
5418,3,2
5419,2,3
5420,4,4
5421,2,4
5422,3,3
5423,1,3
5424,3,2
5425,4,3
5426,2,3
5427,3,3
5428,3,4
5429,2,2
5430,2,3
5431,3,3
5432,4,3
5433,3,2
5434,3,3
5435,2,2
5436,3,3
5437,3,2
5438,1,3
5439,2,3
5440,2,2
5441,3,3
5442,3,3
5443,3,1
5444,2,3
5445,2,3
5446,2,4
5447,4,2
5448,3,3
5449,2,2
5450,2,4
5451,5,3
5452,2,4
5453,3,2
5454,3,3
5455,2,4
5456,3,3
5457,4,2
5458,4,3
5459,2,5
5460,2,2
5461,4,2
5462,3,3
5463,4,3
5464,4,2
5465,3,3
5466,3,3
5467,2,4
5468,3,3
5469,2,3
5470,4,3
5471,3,3
5472,2,3
5473,3,2
5474,1,3
5475,2,3
5476,3,4
5477,3,0
5478,2,1
5479,2,2
5480,2,3
5481,4,3
5482,3,4
5483,3,2
5484,3,4
5485,2,1
5486,3,2
5487,2,3
5488,4,2
5489,4,3
5490,2,3
5491,3,2
5492,4,2
5493,3,4
5494,3,5
5495,2,2
5496,2,3
5497,3,3
5498,4,4
5499,2,3
5500,3,3
5501,3,2
5502,3,2
5503,2,4
5504,2,2
5505,4,2
5506,4,3
5507,3,2
5508,4,3
5509,2,4
5510,3,2
5511,3,2
5512,3,1
5513,4,3
5514,2,3
5515,3,4
5516,2,3
5517,3,2
5518,3,2
5519,0,3
5520,3,3
5521,3,2
5522,2,5
5523,2,2
5524,1,2
5525,1,4
5526,2,3
5527,3,1
5528,4,3
5529,3,3
5530,2,4
5531,2,4
5532,2,4
5533,3,3
5534,5,3
5535,3,4
5536,2,4
5537,2,4
5538,4,2
5539,3,3
5540,3,2
5541,3,3
5542,2,2
5543,5,3
5544,4,2
5545,4,3
5546,2,4
5547,4,4
5548,3,2
5549,3,3
5550,3,1
5551,4,3
5552,3,3
5553,3,3
5554,4,3
5555,3,4
5556,3,3
5557,4,3
5558,3,3
5559,3,3
5560,2,5
5561,4,3
5562,4,2
5563,2,2
5564,3,4
5565,3,2
5566,3,1
5567,4,3
5568,3,2
5569,3,3
5570,3,3
5571,3,4
5572,3,4
5573,4,3
5574,3,4
5575,2,3
5576,4,3
5577,3,3
5578,0,3
5579,3,4
5580,2,3
5581,3,3
5582,3,4
5583,3,2
5584,1,4
5585,2,2
5586,2,3
5587,4,2
5588,2,2
5589,2,3
5590,4,2
5591,3,2
5592,2,3
5593,3,4
5594,3,3
5595,2,5
5596,4,3
5597,2,3
5598,3,2
5599,2,3
5600,4,3
5601,3,3
5602,3,3
5603,1,3
5604,2,3
5605,2,4
5606,3,4
5607,2,4
5608,3,2
5609,3,3
5610,3,3
5611,2,4
5612,2,3
5613,2,4
5614,2,4
5615,3,3
5616,1,4
5617,3,2
5618,3,4
5619,3,3
5620,1,2
5621,3,2
5622,3,4
5623,2,2
5624,3,2
5625,2,2
5626,3,3
5627,3,2
5628,0,3
5629,3,4
5630,1,4
5631,4,2
5632,4,4
5633,3,3
5634,1,3
5635,3,3
5636,2,3
5637,3,3
5638,2,3
5639,4,2
5640,3,3
5641,5,3
5642,2,4
5643,4,3
5644,3,3
5645,2,4
5646,4,3
5647,2,4
5648,3,3
5649,3,5
5650,3,3
5651,3,2
5652,3,3
5653,3,4
5654,3,3
5655,4,4
5656,3,3
5657,4,3
5658,4,2
5659,1,3
5660,3,2
5661,3,3
5662,2,3
5663,3,2
5664,4,3
5665,3,4
5666,2,4
5667,2,3
5668,4,1
5669,3,3
5670,2,4
5671,4,2
5672,2,4
5673,4,3
5674,3,3
5675,3,3
5676,4,4
5677,3,4
5678,2,2
5679,3,3
5680,3,4
5681,3,3
5682,4,4
5683,3,3
5684,4,3
5685,2,2
5686,3,1
5687,4,3
5688,2,3
5689,2,3
5690,3,1
5691,3,2
5692,3,3
5693,3,2
5694,2,2
5695,2,3
5696,1,3
5697,3,2
5698,3,0
5699,3,4
5700,4,3
5701,4,4
5702,2,4
5703,2,3
5704,3,3
5705,3,3
5706,1,2
5707,2,4
5708,2,2
5709,3,3
5710,3,3
5711,2,2
5712,2,1
5713,2,4
5714,1,3
5715,3,4
5716,3,4
5717,2,3
5718,2,3
5719,3,4
5720,4,3
5721,2,3
5722,4,3
5723,2,4
5724,4,3
5725,2,3
5726,4,4
5727,3,3
5728,3,2
5729,3,3
5730,2,3
5731,2,4
5732,2,3
5733,2,3
5734,2,4
5735,3,3
5736,4,3
5737,4,5
5738,3,4
5739,4,2
5740,3,3
5741,3,3
5742,3,2
5743,3,3
5744,2,3
5745,3,2
5746,2,4
5747,3,4
5748,3,4
5749,2,2
5750,3,3
5751,2,2
5752,4,4
5753,1,4
5754,3,3
5755,3,2
5756,3,2
5757,4,4
5758,3,4
5759,3,3
5760,4,1
5761,4,4
5762,2,2
5763,4,2
5764,2,4
5765,4,3
5766,4,2
5767,2,3
5768,3,3
5769,4,3
5770,2,3
5771,4,2
5772,3,2
5773,4,2
5774,2,2
5775,3,2
5776,3,2
5777,2,4
5778,3,4
5779,3,4
5780,4,3
5781,2,3
5782,3,3
5783,3,3
5784,3,3
5785,4,2
5786,4,3
5787,4,3
5788,2,4
5789,3,3
5790,2,2
5791,3,1
5792,3,3
5793,2,4
5794,3,2
5795,3,3
5796,3,4
5797,3,1
5798,3,3
5799,3,4
5800,3,2
5801,1,2
5802,3,4
5803,4,2
5804,3,3
5805,1,3
5806,4,2
5807,3,3
5808,2,3
5809,2,1
5810,2,2
5811,4,4
5812,2,3
5813,3,3
5814,3,2
5815,2,3
5816,3,2
5817,4,2
5818,2,3
5819,3,3
5820,5,4
5821,4,3
5822,3,2
5823,2,4
5824,2,4
5825,4,3
5826,3,3
5827,5,3
5828,2,2
5829,4,3
5830,3,3
5831,4,2
5832,2,3
5833,3,1
5834,4,1
5835,2,4
5836,4,2
5837,3,3
5838,2,3
5839,4,3
5840,3,2
5841,4,4
5842,3,3
5843,4,3
5844,4,3
5845,1,3
5846,3,3
5847,3,3
5848,5,4
5849,2,2
5850,3,3
5851,4,3
5852,4,4
5853,3,2
5854,1,3
5855,1,4
5856,3,4
5857,3,2
5858,3,3
5859,3,3
5860,5,1
5861,1,2
5862,4,2
5863,4,4
5864,3,2
5865,3,2
5866,3,3
5867,2,2
5868,3,3
5869,2,3
5870,4,3
5871,3,4
5872,2,2
5873,4,2
5874,1,2
5875,3,2
5876,3,4
5877,4,2
5878,3,4
5879,2,3
5880,3,2
5881,3,3
5882,3,1
5883,4,3
5884,3,1
5885,1,3
5886,3,4
5887,3,2
5888,2,4
5889,4,3
5890,3,3
5891,2,4
5892,3,3
5893,2,4
5894,3,4
5895,1,3
5896,3,3
5897,3,3
5898,1,2
5899,4,4
5900,4,4
5901,3,4
5902,4,3
5903,4,3
5904,3,3
5905,4,3
5906,3,3
5907,3,3
5908,4,3
5909,2,4
5910,4,2
5911,3,3
5912,1,2
5913,3,3
5914,3,2
5915,3,2
5916,2,3
5917,2,3
5918,1,3
5919,3,2
5920,2,3
5921,4,3
5922,2,4
5923,3,3
5924,2,3
5925,2,4
5926,4,2
5927,3,2
5928,2,4
5929,3,4
5930,1,4
5931,4,3
5932,3,3
5933,4,4
5934,2,4
5935,5,3
5936,4,3
5937,4,3
5938,4,2
5939,4,2
5940,2,2
5941,3,4
5942,2,3
5943,3,4
5944,2,3
5945,4,1
5946,1,2
5947,3,3
5948,2,3
5949,4,3
5950,3,2
5951,2,3
5952,2,4
5953,3,2
5954,3,4
5955,2,3
5956,3,4
5957,2,3
5958,3,2
5959,3,3
5960,2,3
5961,3,4
5962,3,4
5963,3,3
5964,3,2
5965,4,3
5966,3,2
5967,3,3
5968,4,4
5969,2,4
5970,4,3
5971,4,2
5972,2,4
5973,2,4
5974,4,3
5975,2,2
5976,3,3
5977,3,4
5978,3,3
5979,3,4
5980,3,3
5981,3,4
5982,3,3
5983,2,3
5984,3,2
5985,3,3
5986,4,3
5987,2,4
5988,3,3
5989,1,3
5990,3,4
5991,4,4
5992,2,3
5993,2,4
5994,4,3
5995,3,2
5996,3,3
5997,3,3
5998,3,2
5999,4,4
6000,3,4
6001,3,2
6002,3,3
6003,4,4
6004,2,3
6005,4,3
6006,1,2
6007,3,2
6008,2,3
6009,2,3
6010,2,3
6011,3,3
6012,4,3
6013,3,4
6014,2,2
6015,4,3
6016,3,3
6017,3,2
6018,2,3
6019,1,3
6020,3,3
6021,3,2
6022,2,2
6023,3,4
6024,3,1
6025,2,3
6026,3,2
6027,1,2
6028,2,3
6029,3,3
6030,4,2
6031,4,4
6032,3,1
6033,3,3
6034,3,2
6035,3,2
6036,3,4
6037,3,3
6038,3,3
6039,2,3
6040,3,3
6041,3,3
6042,3,3
6043,1,2
6044,3,3
6045,3,3
6046,3,2
6047,2,3
6048,1,4
6049,2,4
6050,1,3
6051,4,4
6052,3,3
6053,3,3
6054,2,2
6055,4,3
6056,4,2
6057,2,1
6058,2,2
6059,3,3
6060,4,2
6061,2,4
6062,3,2
6063,2,4
6064,3,4
6065,2,4
6066,2,3
6067,3,2
6068,3,4
6069,3,3
6070,3,4
6071,3,3
6072,4,3
6073,4,3
6074,3,4
6075,4,4
6076,3,2
6077,3,2
6078,1,2
6079,1,4
6080,4,3
6081,2,3
6082,3,3
6083,3,3
6084,3,3
6085,3,4
6086,2,2
6087,3,2
6088,4,3
6089,2,3
6090,3,4
6091,3,2
6092,3,4
6093,3,2
6094,3,2
6095,2,4
6096,3,3
6097,1,2
6098,1,3
6099,2,2
6100,4,2
6101,3,3
6102,3,4
6103,3,3
6104,1,3
6105,2,3
6106,4,3
6107,3,2
6108,3,3
6109,3,1
6110,3,3
6111,3,4
6112,3,3
6113,3,4
6114,3,3
6115,4,1
6116,3,4
6117,2,3
6118,2,3
6119,3,3
6120,2,2
6121,2,4
6122,2,3
6123,3,2
6124,3,2
6125,2,3
6126,2,3
6127,3,2
6128,2,2
6129,4,4
6130,4,4
6131,2,4
6132,2,3
6133,2,2
6134,4,2
6135,3,2
6136,3,2
6137,3,4
6138,3,3
6139,3,2
6140,2,3
6141,3,3
6142,3,4
6143,3,3
6144,3,2
6145,3,3
6146,3,2
6147,3,2
6148,3,3
6149,2,3
6150,2,3
6151,2,3
6152,4,3
6153,2,3
6154,2,3
6155,2,4
6156,1,4
6157,4,4
6158,4,2
6159,3,4
6160,3,4
6161,4,4
6162,2,4
6163,2,2
6164,4,3
6165,3,2
6166,4,4
6167,3,4
6168,3,2
6169,0,4
6170,3,3
6171,3,3
6172,3,3
6173,4,3
6174,4,3
6175,3,3
6176,4,4
6177,4,1
6178,3,2
6179,3,3
6180,3,2
6181,4,2
6182,3,4
6183,4,2
6184,3,2
6185,3,2
6186,2,3
6187,3,3
6188,3,3
6189,4,2
6190,4,3
6191,3,3
6192,4,4
6193,3,3
6194,3,4
6195,3,3
6196,3,3
6197,3,3
6198,3,3
6199,1,2
6200,3,3
6201,4,1
6202,3,2
6203,3,3
6204,2,3
6205,2,4
6206,2,3
6207,3,4
6208,0,3
6209,3,3
6210,2,3
6211,2,3
6212,3,3
6213,4,2
6214,4,4
6215,2,3
6216,3,2
6217,2,4
6218,4,4
6219,2,3
6220,5,3
6221,3,2
6222,3,2
6223,3,4
6224,3,4
6225,3,3
6226,3,2
6227,2,3
6228,3,3
6229,2,2
6230,3,3
6231,4,4
6232,2,4
6233,2,3
6234,3,3
6235,2,3
6236,1,2
6237,4,4
6238,4,4
6239,3,4
6240,4,2
6241,4,3
6242,1,2
6243,4,1
6244,3,3
6245,2,3
6246,3,2
6247,3,2
6248,1,4
6249,3,1
6250,4,3
6251,2,4
6252,3,4
6253,3,1
6254,4,2
6255,3,2
6256,4,3
6257,1,3
6258,2,2
6259,4,3
6260,4,4
6261,4,3
6262,2,3
6263,4,2
6264,2,2
6265,3,4
6266,2,2
6267,1,5
6268,2,3
6269,3,4
6270,2,3
6271,3,2
6272,4,4
6273,3,2
6274,1,3
6275,4,3
6276,2,2
6277,4,3
6278,2,4
6279,3,2
6280,3,3
6281,3,2
6282,3,3
6283,3,2
6284,3,3
6285,3,2
6286,2,3
6287,3,3
6288,3,4
6289,2,2
6290,2,2
6291,4,4
6292,2,2
6293,3,3
6294,3,3
6295,3,3
6296,2,3
6297,4,3
6298,3,3
6299,3,3
6300,3,3
6301,3,3
6302,4,3
6303,3,4
6304,2,2
6305,4,2
6306,2,3
6307,3,1
6308,3,2
6309,3,3
6310,3,2
6311,3,1
6312,3,4
6313,3,2
6314,3,3
6315,3,3
6316,4,3
6317,3,4
6318,3,3
6319,3,3
6320,3,2
6321,3,3
6322,3,3
6323,4,2
6324,3,3
6325,4,4
6326,4,3
6327,2,4
6328,3,3
6329,3,3
6330,3,3
6331,4,3
6332,2,3
6333,3,4
6334,3,3
6335,3,3
6336,3,2
6337,2,2
6338,3,2
6339,3,3
6340,3,1
6341,2,3
6342,3,3
6343,4,2
6344,3,3
6345,3,3
6346,4,3
6347,4,2
6348,4,4
6349,3,1
6350,3,5
6351,3,3
6352,2,4
6353,3,4
6354,3,3
6355,4,2
6356,2,2
6357,4,2
6358,3,2
6359,3,3
6360,4,2
6361,3,3
6362,2,4
6363,4,3
6364,4,3
6365,2,3
6366,4,1
6367,4,2
6368,3,2
6369,3,3
6370,4,2
6371,5,4
6372,3,3
6373,2,2
6374,3,3
6375,3,3
6376,4,3
6377,4,3
6378,3,3
6379,4,2
6380,2,4
6381,2,3
6382,2,4
6383,3,3
6384,2,3
6385,4,3
6386,3,3
6387,3,3
6388,2,3
6389,3,1
6390,4,2
6391,1,1
6392,3,2
6393,4,3
6394,2,3
6395,3,1
6396,3,3
6397,3,1
6398,2,3
6399,4,3
6400,2,1
6401,2,3
6402,2,2
6403,3,2
6404,4,2
6405,2,5
6406,3,2
6407,2,1
6408,2,3
6409,3,3
6410,4,2
6411,2,3
6412,4,2
6413,3,2
6414,2,2
6415,4,2
6416,3,3
6417,3,1
6418,3,2
6419,4,4
6420,3,4
6421,3,3
6422,5,3
6423,3,3
6424,1,4
6425,3,3
6426,3,3
6427,3,3
6428,2,3
6429,3,2
6430,2,3
6431,2,2
6432,2,3
6433,3,2
6434,4,3
6435,3,3
6436,3,4
6437,3,2
6438,3,5
6439,2,3
6440,4,2
6441,3,3
6442,3,2
6443,3,2
6444,3,4
6445,3,1
6446,2,3
6447,3,3
6448,4,4
6449,3,3
6450,3,3
6451,2,2
6452,3,3
6453,3,4
6454,2,4
6455,2,3
6456,0,2
6457,1,3
6458,3,3
6459,2,3
6460,3,4
6461,3,4
6462,2,3
6463,3,1
6464,3,3
6465,5,3
6466,2,2
6467,2,2
6468,4,3
6469,3,4
6470,3,3
6471,5,3
6472,4,3
6473,3,2
6474,3,3
6475,3,2
6476,1,3
6477,4,3
6478,3,4
6479,3,1
6480,4,2
6481,4,4
6482,2,3
6483,2,4
6484,2,3
6485,2,3
6486,4,2
6487,4,1
6488,4,3
6489,1,3
6490,3,3
6491,2,1
6492,4,3
6493,3,4
6494,3,2
6495,3,3
6496,3,4
6497,4,3
6498,2,3
6499,2,2
6500,3,2
6501,3,3
6502,2,4
6503,4,3
6504,4,2
6505,1,2
6506,3,3
6507,3,3
6508,3,3
6509,4,3
6510,2,4
6511,3,3
6512,3,3
6513,3,5
6514,3,3
6515,2,3
6516,4,2
6517,3,3
6518,4,4
6519,3,3
6520,0,3
6521,4,2
6522,4,2
6523,3,3
6524,3,3
6525,3,2
6526,2,3
6527,4,3
6528,3,3
6529,1,3
6530,2,4
6531,1,4
6532,2,2
6533,4,4
6534,2,2
6535,3,4
6536,2,2
6537,4,3
6538,3,2
6539,3,2
6540,2,4
6541,2,2
6542,2,5
6543,3,4
6544,2,2
6545,2,3
6546,2,1
6547,3,3
6548,2,2
6549,2,3
6550,2,3
6551,2,4
6552,2,2
6553,4,4
6554,3,2
6555,2,2
6556,3,4
6557,3,3
6558,2,3
6559,2,3
6560,1,2
6561,2,3
6562,4,4
6563,3,2
6564,2,3
6565,4,2
6566,3,2
6567,3,4
6568,3,2
6569,1,4
6570,4,3
6571,4,3
6572,4,3
6573,3,3
6574,2,3
6575,2,3
6576,2,2
6577,2,2
6578,3,3
6579,4,3
6580,2,3
6581,3,2
6582,1,2
6583,3,3
6584,3,3
6585,3,4
6586,3,3
6587,2,3
6588,3,2
6589,4,3
6590,3,2
6591,4,3
6592,3,2
6593,2,4
6594,4,4
6595,4,2
6596,3,3
6597,3,1
6598,4,3
6599,3,3
6600,2,3
6601,3,3
6602,3,3
6603,3,3
6604,3,1
6605,3,2
6606,3,2
6607,2,3
6608,2,3
6609,1,2
6610,0,3
6611,3,2
6612,3,2
6613,3,3
6614,3,3
6615,3,4
6616,3,4
6617,2,4
6618,2,3
6619,3,3
6620,3,4
6621,2,3
6622,4,2
6623,2,2
6624,4,3
6625,3,3
6626,3,4
6627,2,4
6628,3,2
6629,3,3
6630,3,3
6631,4,3
6632,4,3
6633,3,2
6634,3,2
6635,3,0
6636,1,3
6637,1,2
6638,2,2
6639,3,3
6640,2,3
6641,4,1
6642,3,3
6643,3,3
6644,3,3
6645,2,3
6646,3,2
6647,4,3
6648,4,2
6649,2,2
6650,2,2
6651,3,3
6652,3,4
6653,3,2
6654,3,2
6655,2,4
6656,4,2
6657,1,3
6658,4,3
6659,1,2
6660,3,3
6661,3,4
6662,3,4
6663,5,3
6664,1,2
6665,1,2
6666,3,2
6667,3,3
6668,3,3
6669,3,3
6670,3,3
6671,2,3
6672,4,4
6673,4,3
6674,3,3
6675,3,4
6676,2,4
6677,4,3
6678,2,4
6679,4,3
6680,2,4
6681,2,4
6682,3,3
6683,3,3
6684,2,4
6685,3,2
6686,3,3
6687,4,3
6688,2,4
6689,4,4
6690,3,4
6691,3,3
6692,1,1
6693,3,2
6694,3,3
6695,4,2
6696,3,3
6697,2,3
6698,4,3
6699,3,2
6700,2,3
6701,3,2
6702,3,4
6703,1,3
6704,3,5
6705,4,3
6706,3,1
6707,3,3
6708,3,2
6709,4,4
6710,4,2
6711,3,2
6712,3,3
6713,2,3
6714,2,4
6715,2,3
6716,5,3
6717,3,3
6718,4,3
6719,3,4
6720,3,3
6721,3,3
6722,2,3
6723,3,3
6724,3,4
6725,4,3
6726,2,2
6727,2,3
6728,2,2
6729,3,2
6730,4,3
6731,2,4
6732,2,3
6733,2,4
6734,3,2
6735,3,2
6736,3,3
6737,3,2
6738,3,4
6739,2,2
6740,3,3
6741,2,2
6742,2,3
6743,2,3
6744,3,2
6745,3,4
6746,3,1
6747,3,3
6748,2,4
6749,4,3
6750,2,4
6751,3,3
6752,3,3
6753,2,4
6754,2,4
6755,3,3
6756,2,3
6757,2,3
6758,4,1
6759,2,3
6760,3,3
6761,3,3
6762,4,2
6763,2,2
6764,3,3
6765,3,4
6766,2,3
6767,3,3
6768,4,3
6769,4,3
6770,3,3
6771,4,3
6772,4,3
6773,3,4
6774,4,2
6775,4,3
6776,3,3
6777,4,2
6778,4,3
6779,2,4
6780,2,4
6781,4,3
6782,3,3
6783,2,2
6784,4,3
6785,2,3
6786,4,4
6787,3,4
6788,4,2
6789,3,3
6790,4,3
6791,3,3
6792,3,2
6793,4,3
6794,2,3
6795,2,2
6796,4,3
6797,4,3
6798,3,4
6799,2,2
6800,4,4
6801,3,2
6802,3,2
6803,3,4
6804,4,3
6805,3,3
6806,3,1
6807,3,3
6808,4,3
6809,4,3
6810,3,3
6811,5,2
6812,3,4
6813,4,1
6814,2,4
6815,3,3
6816,2,4
6817,2,3
6818,4,2
6819,4,2
6820,4,3
6821,2,4
6822,2,1
6823,2,2
6824,3,3
6825,2,3
6826,4,2
6827,2,3
6828,3,4
6829,1,3
6830,2,3
6831,2,4
6832,3,3
6833,4,4
6834,3,2
6835,3,4
6836,3,3
6837,3,2
6838,2,2
6839,2,3
6840,3,4
6841,3,3
6842,4,3
6843,3,4
6844,3,3
6845,3,2
6846,4,3
6847,1,3
6848,2,3
6849,3,2
6850,3,3
6851,3,1
6852,3,4
6853,2,3
6854,3,4
6855,3,3
6856,3,2
6857,2,3
6858,3,3
6859,3,4
6860,4,3
6861,3,3
6862,2,4
6863,2,2
6864,3,1
6865,2,3
6866,2,3
6867,4,4
6868,4,2
6869,3,3
6870,3,3
6871,3,2
6872,4,3
6873,3,4
6874,2,5
6875,2,2
6876,4,3
6877,3,3
6878,3,4
6879,3,4
6880,3,2
6881,2,4
6882,2,4
6883,5,3
6884,4,3
6885,3,3
6886,3,1
6887,4,2
6888,4,3
6889,3,4
6890,3,2
6891,3,3
6892,5,2
6893,2,3
6894,3,3
6895,3,2
6896,4,3
6897,4,4
6898,2,4
6899,3,3
6900,2,3
6901,5,2
6902,2,3
6903,1,3
6904,2,1
6905,4,4
6906,4,1
6907,2,3
6908,4,3
6909,3,4
6910,2,3
6911,4,4
6912,3,3
6913,4,2
6914,4,4
6915,3,2
6916,3,4
6917,2,4
6918,4,3
6919,3,1
6920,3,3
6921,3,6
6922,2,2
6923,3,2
6924,3,3
6925,3,3
6926,4,4
6927,4,2
6928,2,3
6929,4,4
6930,4,3
6931,3,3
6932,2,4
6933,3,3
6934,3,4
6935,3,2
6936,3,3
6937,3,3
6938,4,2
6939,3,3
6940,3,3
6941,4,3
6942,2,3
6943,2,3
6944,2,2
6945,3,3
6946,2,2
6947,2,2
6948,4,2
6949,3,2
6950,3,4
6951,3,2
6952,4,3
6953,3,4
6954,1,4
6955,2,3
6956,3,3
6957,3,3
6958,4,2
6959,2,4
6960,4,3
6961,3,2
6962,2,3
6963,3,3
6964,2,2
6965,3,2
6966,3,3
6967,4,2
6968,2,1
6969,4,3
6970,3,2
6971,3,3
6972,3,4
6973,3,4
6974,3,3
6975,3,2
6976,3,4
6977,2,3
6978,4,3
6979,4,1
6980,4,2
6981,3,3
6982,3,2
6983,3,3
6984,4,3
6985,1,3
6986,3,3
6987,3,4
6988,4,3
6989,2,2
6990,2,2
6991,4,3
6992,3,3
6993,3,3
6994,2,2
6995,3,3
6996,2,4
6997,3,2
6998,2,3
6999,3,4
7000,2,3
7001,4,3
7002,4,5
7003,4,2
7004,2,3
7005,3,2
7006,4,3
7007,3,3
7008,4,2
7009,4,2
7010,2,3
7011,4,1
7012,4,3
7013,3,2
7014,3,3
7015,5,2
7016,3,3
7017,3,3
7018,2,2
7019,2,3
7020,2,4
7021,4,2
7022,3,3
7023,2,2
7024,3,4
7025,1,2
7026,3,2
7027,4,3
7028,3,5
7029,1,4
7030,1,2
7031,3,3
7032,2,2
7033,3,4
7034,4,3
7035,4,4
7036,3,5
7037,2,3
7038,3,3
7039,2,3
7040,3,2
7041,3,3
7042,3,3
7043,4,2
7044,4,2
7045,3,4
7046,3,3
7047,3,2
7048,2,3
7049,2,3
7050,2,1
7051,4,2
7052,3,2
7053,2,1
7054,3,2
7055,3,4
7056,3,2
7057,4,4
7058,3,3
7059,4,3
7060,2,4
7061,4,1
7062,3,3
7063,3,3
7064,4,3
7065,1,4
7066,3,2
7067,3,3
7068,2,3
7069,3,3
7070,2,3
7071,2,3
7072,3,3
7073,2,3
7074,3,2
7075,3,4
7076,3,4
7077,3,3
7078,3,3
7079,2,3
7080,3,3
7081,3,3
7082,3,3
7083,3,2
7084,4,3
7085,1,4
7086,2,3
7087,2,3
7088,3,3
7089,3,4
7090,3,3
7091,2,4
7092,4,2
7093,4,1
7094,2,4
7095,3,2
7096,4,3
7097,5,2
7098,4,2
7099,4,2
7100,4,3
7101,2,4
7102,3,2
7103,4,3
7104,4,2
7105,4,3
7106,1,1
7107,3,2
7108,4,2
7109,2,3
7110,2,4
7111,3,2
7112,3,3
7113,3,3
7114,3,3
7115,4,1
7116,4,2
7117,3,3
7118,2,2
7119,3,2
7120,3,3
7121,3,2
7122,3,4
7123,3,3
7124,3,3
7125,4,1
7126,4,4
7127,3,2
7128,1,3
7129,3,3
7130,4,3
7131,4,4
7132,4,3
7133,4,4
7134,2,1
7135,3,1
7136,4,4
7137,3,4
7138,4,4
7139,3,2
7140,2,4
7141,2,2
7142,3,2
7143,2,2
7144,2,2
7145,3,2
7146,3,4
7147,3,2
7148,4,3
7149,2,3
7150,2,2
7151,3,3
7152,2,3
7153,2,4
7154,4,2
7155,1,2
7156,4,3
7157,3,3
7158,3,3
7159,3,1
7160,2,3
7161,3,3
7162,3,4
7163,2,3
7164,2,3
7165,4,3
7166,3,2
7167,2,4
7168,3,2
7169,4,3
7170,3,3
7171,2,2
7172,3,3
7173,3,3
7174,2,3
7175,4,3
7176,3,4
7177,2,2
7178,2,2
7179,3,4
7180,2,2
7181,2,3
7182,3,3
7183,3,2
7184,3,3
7185,4,2
7186,3,3
7187,4,2
7188,3,3
7189,3,2
7190,3,3
7191,4,3
7192,3,3
7193,4,3
7194,1,3
7195,3,3
7196,3,3
7197,3,2
7198,3,3
7199,4,3
7200,4,1
7201,3,3
7202,3,5
7203,3,4
7204,3,1
7205,3,2
7206,3,3
7207,3,3
7208,3,4
7209,2,4
7210,2,3
7211,2,1
7212,3,4
7213,4,3
7214,3,3
7215,2,3
7216,2,3
7217,3,4
7218,2,4
7219,3,3
7220,3,2
7221,4,3
7222,3,4
7223,3,1
7224,2,3
7225,3,3
7226,2,4
7227,3,4
7228,3,2
7229,2,1
7230,3,4
7231,2,2
7232,3,4
7233,4,3
7234,4,5
7235,3,4
7236,2,3
7237,2,2
7238,3,3
7239,3,3
7240,3,3
7241,3,3
7242,4,2
7243,2,2
7244,2,2
7245,3,3
7246,5,3
7247,4,1
7248,3,2
7249,3,2
7250,3,2
7251,2,2
7252,4,2
7253,4,2
7254,3,3
7255,4,4
7256,3,3
7257,4,3
7258,3,1
7259,4,3
7260,4,2
7261,3,3
7262,3,3
7263,3,3
7264,2,2
7265,2,4
7266,3,3
7267,3,3
7268,3,2
7269,2,3
7270,3,4
7271,3,2
7272,3,4
7273,3,3
7274,3,3
7275,3,3
7276,4,2
7277,2,2
7278,2,2
7279,4,3
7280,4,2
7281,2,3
7282,1,3
7283,2,4
7284,3,2
7285,4,1
7286,3,3
7287,4,3
7288,3,2
7289,4,3
7290,4,3
7291,4,3
7292,3,5
7293,2,4
7294,3,2
7295,1,4
7296,2,2
7297,3,3
7298,4,3
7299,3,3
7300,4,3
7301,3,3
7302,3,4
7303,1,3
7304,4,2
7305,2,4
7306,3,3
7307,4,3
7308,2,3
7309,2,3
7310,3,3
7311,2,3
7312,4,3
7313,1,2
7314,3,3
7315,4,3
7316,4,3
7317,2,2
7318,4,3
7319,3,4
7320,3,4
7321,3,2
7322,4,3
7323,4,3
7324,2,4
7325,4,3
7326,3,2
7327,2,3
7328,3,2
7329,4,4
7330,4,4
7331,2,3
7332,2,2
7333,4,3
7334,1,4
7335,2,3
7336,3,3
7337,2,4
7338,6,3
7339,4,3
7340,4,3
7341,2,4
7342,0,3
7343,3,3
7344,3,2
7345,3,2
7346,3,2
7347,2,3
7348,4,4
7349,2,3
7350,4,2
7351,3,4
7352,2,3
7353,4,2
7354,3,3
7355,1,3
7356,3,4
7357,3,3
7358,2,4
7359,4,3
7360,3,3
7361,2,4
7362,3,3
7363,4,2
7364,2,3
7365,2,3
7366,2,3
7367,3,4
7368,3,3
7369,3,3
7370,3,4
7371,3,3
7372,4,3
7373,2,3
7374,3,3
7375,3,4
7376,3,2
7377,2,3
7378,1,3
7379,3,4
7380,2,4
7381,3,1
7382,4,2
7383,1,2
7384,3,3
7385,3,2
7386,3,3
7387,4,3
7388,3,3
7389,2,4
7390,4,3
7391,3,3
7392,3,1
7393,2,3
7394,2,3
7395,4,3
7396,2,4
7397,3,2
7398,2,4
7399,3,4
7400,3,3
7401,4,2
7402,4,2
7403,4,1
7404,3,1
7405,4,3
7406,3,3
7407,2,4
7408,4,2
7409,3,3
7410,3,3
7411,3,3
7412,4,4
7413,3,4
7414,3,2
7415,2,2
7416,3,4
7417,2,2
7418,1,2
7419,3,2
7420,1,3
7421,3,4
7422,3,3
7423,2,3
7424,5,2
7425,3,3
7426,3,3
7427,3,3
7428,3,2
7429,4,2
7430,4,3
7431,3,4
7432,3,4
7433,3,4
7434,2,4
7435,4,3
7436,4,3
7437,3,3
7438,2,4
7439,2,3
7440,2,4
7441,3,4
7442,3,3
7443,2,3
7444,2,3
7445,3,2
7446,4,3
7447,3,3
7448,3,3
7449,4,3
7450,3,3
7451,4,4
7452,3,3
7453,3,4
7454,3,2
7455,3,4
7456,3,3
7457,3,4
7458,2,2
7459,2,3
7460,2,1
7461,4,2
7462,2,2
7463,2,3
7464,2,2
7465,4,3
7466,2,4
7467,4,3
7468,4,3
7469,3,4
7470,3,3
7471,3,3
7472,5,2
7473,3,3
7474,2,1
7475,3,3
7476,3,3
7477,3,4
7478,3,4
7479,2,3
7480,3,3
7481,4,1
7482,3,2
7483,3,1
7484,3,3
7485,3,3
7486,4,4
7487,2,3
7488,3,3
7489,3,2
7490,3,3
7491,3,3
7492,2,2
7493,3,3
7494,2,2
7495,4,3
7496,3,3
7497,3,3
7498,4,4
7499,4,4
7500,3,4
7501,3,4
7502,3,3
7503,3,4
7504,4,2
7505,2,3
7506,2,4
7507,2,4
7508,3,3
7509,2,2
7510,2,2
7511,3,3
7512,3,2
7513,3,3
7514,2,3
7515,3,3
7516,4,2
7517,3,3
7518,4,2
7519,4,3
7520,4,3
7521,3,3
7522,3,3
7523,3,2
7524,3,2
7525,1,3
7526,3,4
7527,2,2
7528,2,2
7529,2,4
7530,4,3
7531,3,3
7532,2,5
7533,3,4
7534,4,3
7535,3,3
7536,2,2
7537,2,3
7538,3,3
7539,3,3
7540,0,3
7541,2,4
7542,3,1
7543,3,3
7544,5,4
7545,3,4
7546,3,3
7547,3,3
7548,3,3
7549,4,3
7550,3,2
7551,3,3
7552,3,2
7553,3,3
7554,4,3
7555,2,2
7556,3,2
7557,2,2
7558,2,3
7559,2,2
7560,2,3
7561,2,3
7562,3,2
7563,1,3
7564,4,4
7565,1,3
7566,3,3
7567,3,3
7568,3,3
7569,3,3
7570,2,3
7571,3,3
7572,2,3
7573,2,2
7574,3,3
7575,3,1
7576,2,3
7577,2,2
7578,3,2
7579,3,2
7580,1,3
7581,2,3
7582,3,2
7583,3,3
7584,2,3
7585,4,3
7586,4,4
7587,3,3
7588,4,1
7589,3,2
7590,4,1
7591,4,4
7592,4,2
7593,3,2
7594,3,3
7595,2,3
7596,2,1
7597,3,3
7598,3,4
7599,2,5
7600,3,3
7601,4,3
7602,4,3
7603,2,3
7604,2,3
7605,3,4
7606,4,4
7607,3,2
7608,1,3
7609,3,4
7610,2,2
7611,4,3
7612,2,4
7613,2,2
7614,4,2
7615,4,3
7616,3,2
7617,3,2
7618,4,4
7619,3,3
7620,4,3
7621,2,4
7622,2,3
7623,2,3
7624,3,2
7625,3,3
7626,3,4
7627,3,3
7628,3,4
7629,2,3
7630,3,3
7631,2,2
7632,2,2
7633,2,3
7634,2,4
7635,3,4
7636,3,3
7637,2,3
7638,3,2
7639,4,4
7640,4,4
7641,2,2
7642,2,3
7643,3,4
7644,1,4
7645,2,2
7646,4,2
7647,3,2
7648,3,2
7649,3,4
7650,2,2
7651,4,4
7652,2,3
7653,3,4
7654,3,3
7655,3,2
7656,3,3
7657,4,3
7658,3,3
7659,4,4
7660,2,3
7661,1,4
7662,4,2
7663,2,1
7664,3,3
7665,2,3
7666,0,3
7667,3,3
7668,4,2
7669,2,3
7670,2,2
7671,3,3
7672,3,3
7673,2,4
7674,3,1
7675,2,3
7676,2,1
7677,1,3
7678,3,3
7679,3,4
7680,3,4
7681,3,3
7682,2,3
7683,4,3
7684,2,3
7685,4,4
7686,3,3
7687,4,3
7688,3,5
7689,2,4
7690,2,1
7691,3,2
7692,3,3
7693,3,2
7694,2,2
7695,1,3
7696,4,3
7697,2,3
7698,4,5
7699,2,3
7700,4,3
7701,3,3
7702,3,2
7703,3,4
7704,3,2
7705,3,3
7706,3,3
7707,5,3
7708,4,1
7709,4,2
7710,3,3
7711,3,4
7712,3,2
7713,4,2
7714,4,3
7715,2,4
7716,3,4
7717,2,3
7718,4,3
7719,2,4
7720,1,3
7721,2,5
7722,4,3
7723,4,4
7724,3,4
7725,1,2
7726,3,3
7727,4,2
7728,3,2
7729,2,2
7730,2,2
7731,4,3
7732,3,2
7733,3,2
7734,3,2
7735,3,2
7736,5,3
7737,3,4
7738,2,4
7739,2,3
7740,2,4
7741,1,3
7742,3,3
7743,5,4
7744,2,3
7745,2,2
7746,2,2
7747,5,3
7748,3,3
7749,4,4
7750,3,3
7751,2,3
7752,3,3
7753,4,4
7754,2,1
7755,2,3
7756,3,3
7757,3,3
7758,3,3
7759,2,2
7760,3,3
7761,4,4
7762,1,3
7763,3,4
7764,2,2
7765,4,3
7766,3,4
7767,4,4
7768,3,4
7769,4,3
7770,3,3
7771,2,3
7772,1,3
7773,2,3
7774,2,3
7775,2,3
7776,4,5
7777,2,2
7778,2,4
7779,2,3
7780,3,2
7781,3,2
7782,2,4
7783,3,4
7784,3,4
7785,4,2
7786,3,3
7787,4,3
7788,4,3
7789,2,3
7790,2,1
7791,3,4
7792,3,3
7793,3,5
7794,4,3
7795,4,2
7796,4,2
7797,2,4
7798,2,4
7799,2,3
7800,3,4
7801,4,3
7802,2,3
7803,3,3
7804,1,3
7805,4,2
7806,3,3
7807,3,3
7808,3,2
7809,4,2
7810,3,3
7811,2,3
7812,3,3
7813,3,2
7814,3,3
7815,2,2
7816,4,3
7817,3,3
7818,3,3
7819,1,2
7820,3,3
7821,1,3
7822,3,3
7823,4,3
7824,2,4
7825,2,4
7826,1,4
7827,4,3
7828,2,2
7829,4,2
7830,3,2
7831,3,2
7832,4,4
7833,3,3
7834,4,4
7835,2,4
7836,3,4
7837,2,3
7838,2,3
7839,4,4
7840,3,3
7841,4,3
7842,4,2
7843,4,5
7844,3,3
7845,4,3
7846,3,3
7847,3,3
7848,2,3
7849,4,3
7850,4,3
7851,3,2
7852,2,3
7853,4,2
7854,4,2
7855,3,2
7856,1,4
7857,2,3
7858,1,4
7859,4,4
7860,2,3
7861,1,3
7862,3,3
7863,3,3
7864,2,4
7865,2,4
7866,2,2
7867,2,2
7868,2,3
7869,3,3
7870,2,4
7871,3,4
7872,3,3
7873,3,1
7874,2,3
7875,4,3
7876,3,4
7877,3,4
7878,4,2
7879,2,3
7880,4,3
7881,3,4
7882,2,3
7883,4,1
7884,3,2
7885,2,3
7886,3,3
7887,2,2
7888,2,3
7889,2,3
7890,3,4
7891,4,3
7892,2,2
7893,2,4
7894,2,2
7895,3,3
7896,3,4
7897,3,2
7898,3,3
7899,3,3
7900,3,2
7901,3,4
7902,2,2
7903,3,4
7904,4,3
7905,2,3
7906,3,3
7907,4,2
7908,3,3
7909,3,2
7910,2,3
7911,3,3
7912,2,3
7913,3,3
7914,3,2
7915,4,3
7916,4,3
7917,3,3
7918,4,3
7919,4,3
7920,3,1
7921,2,5
7922,3,2
7923,3,2
7924,2,4
7925,3,2
7926,3,2
7927,3,2
7928,2,4
7929,2,5
7930,3,4
7931,2,2
7932,3,3
7933,4,2
7934,4,3
7935,2,4
7936,1,3
7937,2,3
7938,4,3
7939,2,2
7940,1,5
7941,4,2
7942,3,2
7943,2,4
7944,3,3
7945,2,3
7946,3,2
7947,2,5
7948,3,3
7949,4,4
7950,3,2
7951,4,2
7952,2,3
7953,4,3
7954,3,2
7955,4,4
7956,1,3
7957,3,2
7958,3,3
7959,3,3
7960,3,4
7961,3,3
7962,4,4
7963,3,3
7964,4,3
7965,2,3
7966,3,1
7967,3,3
7968,3,1
7969,3,4
7970,3,2
7971,2,3
7972,2,1
7973,3,1
7974,2,3
7975,3,2
7976,3,2
7977,2,4
7978,4,2
7979,4,2
7980,4,2
7981,3,3
7982,3,3
7983,4,2
7984,1,4
7985,3,2
7986,2,4
7987,2,3
7988,1,4
7989,4,4
7990,3,3
7991,2,3
7992,3,2
7993,3,1
7994,2,3
7995,5,2
7996,4,3
7997,3,4
7998,3,2
7999,2,2
8000,3,3
8001,3,3
8002,2,2
8003,4,2
8004,3,3
8005,2,2
8006,3,3
8007,4,2
8008,3,3
8009,3,4
8010,4,3
8011,2,3
8012,2,3
8013,2,4
8014,2,3
8015,2,4
8016,3,2
8017,2,2
8018,2,2
8019,2,3
8020,3,4
8021,3,3
8022,2,2
8023,2,4
8024,3,2
8025,2,1
8026,2,4
8027,3,4
8028,3,2
8029,2,2
8030,2,3
8031,2,1
8032,3,4
8033,2,3
8034,3,4
8035,4,3
8036,3,3
8037,3,3
8038,3,4
8039,3,3
8040,3,3
8041,3,2
8042,4,2
8043,3,3
8044,2,4
8045,2,3
8046,3,4
8047,4,2
8048,2,3
8049,3,3
8050,1,1
8051,4,3
8052,4,2
8053,4,3
8054,3,2
8055,3,4
8056,3,4
8057,2,4
8058,3,3
8059,1,3
8060,2,4
8061,4,3
8062,3,3
8063,4,3
8064,4,2
8065,3,4
8066,3,1
8067,3,3
8068,3,2
8069,3,2
8070,4,2
8071,3,3
8072,3,3
8073,3,2
8074,4,3
8075,1,3
8076,2,4
8077,2,3
8078,2,3
8079,2,3
8080,4,4
8081,3,2
8082,2,3
8083,3,3
8084,2,4
8085,3,3
8086,2,4
8087,4,4
8088,3,2
8089,2,3
8090,4,4
8091,1,3
8092,4,3
8093,2,3
8094,3,3
8095,3,2
8096,3,2
8097,4,1
8098,3,3
8099,3,3
8100,3,2
8101,3,2
8102,2,3
8103,3,2
8104,2,2
8105,2,2
8106,3,4
8107,3,3
8108,3,3
8109,3,3
8110,3,4
8111,3,3
8112,3,3
8113,4,2
8114,2,1
8115,3,3
8116,2,3
8117,3,3
8118,3,2
8119,4,1
8120,1,3
8121,4,3
8122,2,3
8123,4,2
8124,4,3
8125,3,3
8126,3,3
8127,3,3
8128,3,2
8129,2,3
8130,2,3
8131,1,4
8132,3,4
8133,2,2
8134,3,4
8135,2,3
8136,3,3
8137,2,1
8138,3,4
8139,3,2
8140,4,3
8141,4,3
8142,4,4
8143,5,2
8144,2,4
8145,3,3
8146,2,3
8147,3,2
8148,2,3
8149,4,3
8150,3,4
8151,4,3
8152,3,3
8153,3,4
8154,3,3
8155,0,2
8156,1,3
8157,3,3
8158,3,4
8159,2,4
8160,2,3
8161,4,4
8162,4,3
8163,2,3
8164,1,4
8165,3,2
8166,4,3
8167,1,3
8168,3,3
8169,3,3
8170,2,3
8171,2,3
8172,3,1
8173,2,4
8174,3,3
8175,3,3
8176,3,4
8177,3,2
8178,3,4
8179,3,2
8180,4,3
8181,2,4
8182,4,3
8183,3,4
8184,3,3
8185,2,3
8186,3,3
8187,4,2
8188,4,3
8189,2,3
8190,2,2
8191,4,3
8192,3,3
8193,3,3
8194,3,3
8195,4,3
8196,2,4
8197,3,1
8198,3,3
8199,3,4
8200,4,3
8201,2,2
8202,3,2
8203,5,4
8204,3,4
8205,2,3
8206,2,4
8207,4,3
8208,4,4
8209,3,3
8210,3,1
8211,3,3
8212,4,1
8213,1,4
8214,2,4
8215,3,3
8216,3,4
8217,4,3
8218,3,1
8219,4,2
8220,4,3
8221,3,3
8222,2,4
8223,2,4
8224,3,3
8225,3,2
8226,3,3
8227,3,4
8228,4,2
8229,4,3
8230,4,3
8231,1,3
8232,4,2
8233,2,4
8234,4,1
8235,5,1
8236,3,3
8237,2,0
8238,3,3
8239,3,3
8240,2,3
8241,2,2
8242,4,3
8243,3,3
8244,5,3
8245,3,4
8246,2,2
8247,3,4
8248,2,3
8249,3,2
8250,3,2
8251,2,2
8252,3,2
8253,4,3
8254,3,3
8255,2,3
8256,2,3
8257,3,4
8258,3,3
8259,3,2
8260,1,4
8261,3,4
8262,2,3
8263,3,4
8264,2,4
8265,4,3
8266,3,3
8267,3,2
8268,3,2
8269,3,3
8270,1,4
8271,3,2
8272,3,3
8273,3,3
8274,4,3
8275,2,2
8276,3,3
8277,3,3
8278,4,2
8279,2,2
8280,2,2
8281,3,3
8282,4,3
8283,3,2
8284,3,3
8285,3,4
8286,3,3
8287,1,3
8288,4,3
8289,3,3
8290,1,4
8291,2,3
8292,3,3
8293,4,3
8294,4,3
8295,3,3
8296,3,3
8297,3,4
8298,4,2
8299,3,4
8300,4,3
8301,1,4
8302,3,4
8303,3,3
8304,3,3
8305,4,4
8306,4,3
8307,1,3
8308,3,2
8309,3,4
8310,4,3
8311,3,3
8312,3,5
8313,4,3
8314,3,3
8315,3,4
8316,3,3
8317,3,3
8318,2,2
8319,1,3
8320,3,1
8321,2,2
8322,2,2
8323,3,3
8324,2,3
8325,3,2
8326,3,3
8327,3,2
8328,3,3
8329,3,2
8330,5,4
8331,2,3
8332,2,2
8333,1,3
8334,3,4
8335,1,4
8336,3,2
8337,4,2
8338,3,3
8339,3,3
8340,3,2
8341,2,2
8342,3,4
8343,3,1
8344,2,4
8345,2,4
8346,2,4
8347,3,5
8348,3,2
8349,3,3
8350,3,2
8351,2,3
8352,3,2
8353,4,2
8354,3,2
8355,2,3
8356,2,2
8357,3,2
8358,4,3
8359,3,2
8360,3,3
8361,2,3
8362,3,3
8363,3,5
8364,2,2
8365,2,2
8366,2,3
8367,2,3
8368,4,4
8369,3,3
8370,3,3
8371,2,3
8372,3,3
8373,4,4
8374,4,2
8375,4,3
8376,4,3
8377,3,4
8378,3,2
8379,2,2
8380,4,1
8381,4,2
8382,2,4
8383,4,3
8384,4,2
8385,3,4
8386,3,2
8387,2,3
8388,3,3
8389,2,3
8390,2,3
8391,3,3
8392,3,4
8393,2,3
8394,3,4
8395,4,4
8396,3,3
8397,4,4
8398,2,3
8399,3,4
8400,2,4
8401,3,2
8402,3,2
8403,3,2
8404,3,4
8405,2,3
8406,3,3
8407,4,3
8408,3,3
8409,1,4
8410,3,4
8411,4,3
8412,3,2
8413,2,3
8414,3,2
8415,4,2
8416,2,2
8417,4,4
8418,2,2
8419,4,2
8420,3,4
8421,2,3
8422,3,3
8423,4,2
8424,3,3
8425,2,3
8426,3,4
8427,3,3
8428,3,1
8429,3,3
8430,3,1
8431,2,2
8432,2,3
8433,3,2
8434,3,3
8435,2,3
8436,2,4
8437,3,3
8438,4,3
8439,2,3
8440,4,3
8441,3,1
8442,2,1
8443,2,2
8444,3,2
8445,2,4
8446,3,2
8447,3,2
8448,2,5
8449,2,3
8450,2,4
8451,2,3
8452,3,3
8453,3,4
8454,2,2
8455,2,3
8456,3,3
8457,1,2
8458,3,2
8459,3,4
8460,5,3
8461,3,3
8462,2,2
8463,2,3
8464,4,2
8465,3,3
8466,3,2
8467,3,3
8468,3,3
8469,2,2
8470,2,4
8471,2,3
8472,4,2
8473,3,3
8474,3,2
8475,4,4
8476,4,3
8477,2,4
8478,2,3
8479,3,3
8480,3,4
8481,2,4
8482,2,1
8483,4,2
8484,3,4
8485,3,4
8486,2,3
8487,1,3
8488,2,4
8489,2,3
8490,3,3
8491,2,3
8492,1,3
8493,2,3
8494,2,4
8495,2,4
8496,3,4
8497,3,2
8498,1,4
8499,4,4
8500,1,4
8501,1,2
8502,2,2
8503,4,2
8504,3,2
8505,3,2
8506,3,5
8507,1,3
8508,3,3
8509,3,3
8510,3,3
8511,4,4
8512,1,3
8513,4,1
8514,2,3
8515,1,3
8516,2,3
8517,2,4
8518,3,3
8519,4,3
8520,4,2
8521,3,4
8522,2,2
8523,3,3
8524,3,3
8525,3,1
8526,3,3
8527,3,3
8528,2,3
8529,3,3
8530,1,5
8531,2,4
8532,3,3
8533,3,3
8534,2,4
8535,2,4
8536,3,1
8537,2,3
8538,3,3
8539,3,2
8540,3,5
8541,2,3
8542,2,4
8543,4,3
8544,3,1
8545,3,2
8546,4,4
8547,4,3
8548,2,2
8549,3,3
8550,3,3
8551,2,2
8552,2,4
8553,4,3
8554,1,4
8555,2,4
8556,4,3
8557,2,3
8558,3,3
8559,2,3
8560,3,3
8561,4,2
8562,3,3
8563,2,2
8564,2,4
8565,4,1
8566,3,2
8567,3,3
8568,4,1
8569,2,2
8570,2,2
8571,4,3
8572,3,3
8573,4,3
8574,3,3
8575,2,4
8576,3,4
8577,3,3
8578,3,3
8579,3,3
8580,3,2
8581,4,2
8582,2,4
8583,4,3
8584,2,2
8585,2,3
8586,4,3
8587,4,3
8588,1,2
8589,3,4
8590,4,3
8591,3,4
8592,2,3
8593,3,2
8594,2,3
8595,3,3
8596,2,3
8597,4,3
8598,4,2
8599,4,2
8600,3,3
8601,2,2
8602,2,2
8603,3,3
8604,2,3
8605,1,3
8606,2,2
8607,3,1
8608,1,3
8609,3,3
8610,2,0
8611,3,3
8612,2,2
8613,4,2
8614,3,2
8615,3,4
8616,4,3
8617,3,3
8618,3,4
8619,4,2
8620,3,4
8621,3,3
8622,1,3
8623,3,3
8624,3,3
8625,3,4
8626,3,3
8627,3,4
8628,3,3
8629,3,3
8630,4,4
8631,2,3
8632,3,3
8633,3,3
8634,2,3
8635,2,3
8636,3,3
8637,4,3
8638,3,3
8639,3,3
8640,2,2
8641,3,3
8642,3,2
8643,3,3
8644,3,3
8645,3,4
8646,3,3
8647,2,2
8648,3,3
8649,3,4
8650,2,3
8651,1,2
8652,4,2
8653,3,2
8654,3,2
8655,3,3
8656,3,3
8657,4,2
8658,4,2
8659,4,3
8660,2,3
8661,3,4
8662,3,3
8663,4,3
8664,3,2
8665,3,3
8666,3,5
8667,4,3
8668,3,1
8669,3,2
8670,2,2
8671,4,3
8672,3,3
8673,3,3
8674,4,1
8675,4,3
8676,4,4
8677,4,2
8678,3,3
8679,3,3
8680,3,3
8681,3,3
8682,2,2
8683,3,3
8684,3,3
8685,4,2
8686,3,4
8687,3,2
8688,3,4
8689,2,4
8690,3,3
8691,3,3
8692,3,2
8693,4,3
8694,1,2
8695,5,1
8696,3,4
8697,2,1
8698,4,3
8699,4,3
8700,3,4
8701,1,3
8702,3,3
8703,3,1
8704,3,2
8705,2,2
8706,3,4
8707,3,3
8708,3,3
8709,2,4
8710,3,3
8711,3,2
8712,3,3
8713,4,2
8714,4,2
8715,3,3
8716,3,2
8717,4,1
8718,3,1
8719,3,4
8720,2,3
8721,1,2
8722,3,3
8723,2,3
8724,3,4
8725,3,2
8726,4,0
8727,3,2
8728,3,3
8729,3,3
8730,3,2
8731,3,4
8732,4,1
8733,3,3
8734,3,3
8735,4,1
8736,4,2
8737,2,2
8738,3,4
8739,3,3
8740,3,3
8741,4,3
8742,2,2
8743,2,3
8744,3,2
8745,4,4
8746,2,3
8747,3,3
8748,3,2
8749,2,3
8750,3,2
8751,2,4
8752,4,2
8753,1,3
8754,1,3
8755,3,1
8756,3,4
8757,3,4
8758,4,4
8759,4,3
8760,2,3
8761,2,4
8762,4,2
8763,4,2
8764,1,4
8765,4,3
8766,2,3
8767,1,2
8768,4,2
8769,3,3
8770,2,3
8771,5,2
8772,3,1
8773,4,3
8774,3,2
8775,4,3
8776,2,3
8777,4,2
8778,2,3
8779,2,3
8780,3,4
8781,3,3
8782,2,4
8783,3,3
8784,1,2
8785,3,3
8786,4,3
8787,2,3
8788,3,3
8789,3,2
8790,4,3
8791,3,3
8792,2,2
8793,2,3
8794,3,3
8795,3,3
8796,4,3
8797,3,4
8798,4,2
8799,2,3
8800,3,2
8801,4,3
8802,4,4
8803,2,5
8804,4,2
8805,1,3
8806,3,2
8807,2,3
8808,1,4
8809,3,5
8810,3,3
8811,4,2
8812,3,3
8813,2,4
8814,4,4
8815,2,3
8816,3,4
8817,1,5
8818,3,1
8819,3,3
8820,3,3
8821,4,2
8822,1,3
8823,2,4
8824,3,2
8825,3,3
8826,3,3
8827,4,4
8828,3,3
8829,4,1
8830,2,2
8831,3,2
8832,3,2
8833,3,4
8834,2,3
8835,3,2
8836,4,3
8837,4,2
8838,2,3
8839,2,4
8840,4,3
8841,1,4
8842,1,4
8843,3,2
8844,3,3
8845,3,3
8846,2,4
8847,3,3
8848,3,4
8849,3,2
8850,3,1
8851,2,3
8852,2,3
8853,4,3
8854,4,3
8855,3,3
8856,2,4
8857,4,4
8858,3,2
8859,2,2
8860,3,3
8861,3,3
8862,4,4
8863,4,3
8864,3,2
8865,2,2
8866,2,2
8867,3,2
8868,3,3
8869,2,3
8870,5,3
8871,4,4
8872,2,3
8873,3,3
8874,3,3
8875,2,3
8876,3,3
8877,4,1
8878,2,4
8879,2,2
8880,4,3
8881,2,3
8882,5,2
8883,3,0
8884,3,3
8885,3,3
8886,3,3
8887,3,1
8888,3,1
8889,2,3
8890,3,3
8891,2,3
8892,3,3
8893,1,4
8894,2,3
8895,3,2
8896,1,3
8897,1,3
8898,2,4
8899,3,3
8900,4,2
8901,2,3
8902,3,4
8903,1,2
8904,4,2
8905,2,3
8906,3,4
8907,3,3
8908,3,4
8909,2,3
8910,4,3
8911,3,3
8912,3,2
8913,3,4
8914,2,4
8915,3,3
8916,2,3
8917,1,3
8918,3,2
8919,3,3
8920,3,3
8921,4,4
8922,3,3
8923,2,2
8924,3,1
8925,3,2
8926,2,3
8927,3,3
8928,2,3
8929,4,2
8930,4,4
8931,3,2
8932,3,3
8933,3,3
8934,3,3
8935,2,2
8936,2,3
8937,3,2
8938,3,2
8939,3,2
8940,3,4
8941,2,3
8942,2,4
8943,3,3
8944,3,4
8945,2,4
8946,3,3
8947,3,2
8948,2,3
8949,2,4
8950,3,4
8951,3,4
8952,2,2
8953,5,3
8954,2,1
8955,3,2
8956,3,2
8957,2,2
8958,3,3
8959,3,3
8960,3,3
8961,3,2
8962,4,2
8963,3,3
8964,1,3
8965,3,3
8966,3,3
8967,3,4
8968,2,4
8969,3,4
8970,2,2
8971,4,4
8972,3,1
8973,3,3
8974,3,2
8975,2,2
8976,4,2
8977,3,2
8978,1,2
8979,3,2
8980,2,3
8981,3,4
8982,3,3
8983,3,4
8984,3,1
8985,3,2
8986,3,3
8987,1,3
8988,3,4
8989,2,3
8990,2,2
8991,2,3
8992,2,2
8993,3,1
8994,4,3
8995,4,3
8996,4,1
8997,1,3
8998,2,3
8999,2,2
9000,2,4
9001,2,3
9002,2,2
9003,2,3
9004,4,4
9005,3,2
9006,2,3
9007,4,3
9008,1,3
9009,2,3
9010,2,3
9011,3,3
9012,3,5
9013,3,2
9014,3,4
9015,3,2
9016,3,3
9017,3,2
9018,4,4
9019,4,2
9020,2,2
9021,3,4
9022,2,3
9023,2,3
9024,3,4
9025,4,4
9026,1,3
9027,3,2
9028,2,4
9029,2,2
9030,3,2
9031,3,3
9032,2,4
9033,2,3
9034,3,3
9035,3,2
9036,3,3
9037,4,2
9038,4,4
9039,2,5
9040,3,4
9041,4,3
9042,2,2
9043,4,1
9044,4,2
9045,4,4
9046,3,2
9047,3,3
9048,3,3
9049,2,4
9050,2,3
9051,3,2
9052,3,3
9053,4,3
9054,3,2
9055,3,3
9056,3,3
9057,3,3
9058,3,2
9059,3,4
9060,2,3
9061,4,4
9062,2,3
9063,4,3
9064,2,3
9065,2,3
9066,3,4
9067,4,4
9068,3,4
9069,2,2
9070,3,4
9071,3,5
9072,3,3
9073,4,3
9074,3,3
9075,4,4
9076,3,3
9077,3,2
9078,2,2
9079,4,3
9080,4,4
9081,2,4
9082,3,3
9083,3,3
9084,2,3
9085,4,2
9086,4,2
9087,3,2
9088,3,3
9089,3,2
9090,4,3
9091,2,3
9092,2,3
9093,3,3
9094,3,3
9095,3,3
9096,3,1
9097,3,4
9098,1,3
9099,2,3
9100,3,1
9101,2,2
9102,3,3
9103,2,3
9104,2,3
9105,3,4
9106,4,3
9107,3,4
9108,2,2
9109,3,2
9110,2,3
9111,3,3
9112,4,4
9113,4,3
9114,3,4
9115,0,4
9116,2,2
9117,2,3
9118,3,4
9119,3,2
9120,3,3
9121,3,2
9122,4,4
9123,3,3
9124,3,3
9125,3,4
9126,2,4
9127,1,2
9128,2,3
9129,2,4
9130,2,2
9131,2,2
9132,3,2
9133,3,4
9134,4,3
9135,2,3
9136,2,3
9137,2,1
9138,4,2
9139,4,5
9140,2,3
9141,2,4
9142,2,3
9143,3,3
9144,4,3
9145,3,4
9146,4,3
9147,1,3
9148,3,4
9149,3,4
9150,3,3
9151,2,3
9152,4,2
9153,3,3
9154,3,2
9155,3,1
9156,2,2
9157,5,3
9158,3,3
9159,3,3
9160,3,2
9161,3,3
9162,2,3
9163,3,3
9164,3,3
9165,1,3
9166,3,3
9167,3,3
9168,3,2
9169,4,2
9170,3,2
9171,3,2
9172,2,3
9173,3,2
9174,3,4
9175,2,4
9176,3,2
9177,2,4
9178,3,3
9179,3,4
9180,4,3
9181,3,3
9182,2,4
9183,2,3
9184,3,3
9185,2,4
9186,4,4
9187,2,3
9188,2,3
9189,3,2
9190,3,2
9191,4,3
9192,3,3
9193,3,4
9194,2,3
9195,3,4
9196,2,4
9197,5,2
9198,4,3
9199,3,3
9200,2,4
9201,3,4
9202,4,3
9203,3,4
9204,4,3
9205,2,3
9206,2,3
9207,3,3
9208,4,5
9209,2,2
9210,2,4
9211,2,3
9212,3,3
9213,3,3
9214,3,2
9215,2,4
9216,2,4
9217,3,3
9218,3,3
9219,2,2
9220,3,3
9221,3,2
9222,2,3
9223,2,4
9224,4,3
9225,4,2
9226,3,2
9227,2,2
9228,2,3
9229,3,4
9230,3,3
9231,3,3
9232,3,2
9233,2,2
9234,3,3
9235,2,4
9236,3,2
9237,1,5
9238,4,3
9239,3,4
9240,3,3
9241,2,4
9242,3,4
9243,3,3
9244,4,2
9245,3,3
9246,2,4
9247,3,3
9248,3,4
9249,2,2
9250,3,4
9251,3,2
9252,2,2
9253,3,2
9254,1,2
9255,4,2
9256,4,1
9257,3,2
9258,2,3
9259,2,3
9260,3,3
9261,3,3
9262,4,3
9263,3,4
9264,2,2
9265,3,3
9266,3,2
9267,3,3
9268,2,2
9269,3,4
9270,2,3
9271,2,3
9272,2,3
9273,3,2
9274,3,2
9275,4,3
9276,3,4
9277,4,2
9278,1,3
9279,2,2
9280,4,1
9281,3,1
9282,3,3
9283,3,3
9284,1,3
9285,5,3
9286,4,3
9287,3,3
9288,4,3
9289,4,3
9290,3,3
9291,3,3
9292,4,2
9293,1,3
9294,3,3
9295,4,3
9296,3,3
9297,3,3
9298,4,3
9299,3,3
9300,2,3
9301,2,3
9302,3,3
9303,2,3
9304,2,3
9305,2,3
9306,3,3
9307,3,3
9308,4,4
9309,3,2
9310,3,2
9311,1,4
9312,1,4
9313,3,4
9314,3,3
9315,4,2
9316,3,3
9317,4,1
9318,4,2
9319,3,2
9320,4,3
9321,0,4
9322,2,3
9323,2,4
9324,3,3
9325,2,4
9326,3,3
9327,2,4
9328,4,2
9329,3,2
9330,3,4
9331,3,2
9332,2,3
9333,2,4
9334,2,2
9335,4,3
9336,3,4
9337,3,3
9338,4,4
9339,2,3
9340,3,2
9341,3,4
9342,3,3
9343,3,4
9344,3,3
9345,2,4
9346,3,4
9347,2,3
9348,3,2
9349,3,4
9350,4,2
9351,4,4
9352,4,3
9353,2,4
9354,2,3
9355,3,3
9356,2,3
9357,3,2
9358,3,3
9359,3,4
9360,4,2
9361,4,3
9362,3,3
9363,4,3
9364,3,2
9365,4,3
9366,4,3
9367,2,3
9368,3,3
9369,3,3
9370,3,3
9371,3,2
9372,3,4
9373,2,3
9374,3,2
9375,2,2
9376,5,3
9377,4,2
9378,3,2
9379,4,4
9380,4,3
9381,2,4
9382,3,3
9383,2,2
9384,3,3
9385,4,3
9386,1,3
9387,2,3
9388,3,3
9389,3,3
9390,3,2
9391,2,3
9392,4,3
9393,3,4
9394,4,4
9395,3,2
9396,4,3
9397,3,2
9398,2,3
9399,2,4
9400,4,3
9401,4,3
9402,3,2
9403,3,4
9404,3,1
9405,4,4
9406,2,3
9407,3,3
9408,4,3
9409,3,2
9410,2,3
9411,3,3
9412,3,2
9413,3,2
9414,2,4
9415,2,3
9416,3,2
9417,4,2
9418,4,2
9419,3,2
9420,3,3
9421,4,2
9422,1,2
9423,3,2
9424,3,3
9425,4,4
9426,3,3
9427,3,4
9428,2,4
9429,4,3
9430,1,3
9431,3,2
9432,2,3
9433,4,4
9434,4,0
9435,2,3
9436,1,2
9437,2,4
9438,3,3
9439,3,2
9440,2,3
9441,4,4
9442,3,3
9443,4,2
9444,2,2
9445,3,3
9446,3,2
9447,2,4
9448,3,2
9449,3,3
9450,3,2
9451,1,3
9452,4,3
9453,3,5
9454,3,3
9455,4,2
9456,2,3
9457,2,2
9458,3,2
9459,4,2
9460,3,4
9461,3,3
9462,4,4
9463,4,2
9464,1,4
9465,3,2
9466,3,4
9467,3,3
9468,4,5
9469,2,3
9470,3,4
9471,4,3
9472,3,3
9473,3,3
9474,2,3
9475,3,3
9476,4,2
9477,3,4
9478,2,3
9479,2,3
9480,4,3
9481,3,3
9482,2,3
9483,3,2
9484,2,3
9485,2,3
9486,3,4
9487,4,3
9488,3,4
9489,3,3
9490,2,4
9491,4,3
9492,2,4
9493,4,3
9494,4,2
9495,2,3
9496,2,2
9497,3,3
9498,4,2
9499,3,3
9500,4,3
9501,2,3
9502,2,4
9503,2,3
9504,4,2
9505,4,3
9506,3,4
9507,2,2
9508,3,3
9509,3,3
9510,3,2
9511,3,4
9512,3,3
9513,4,3
9514,3,3
9515,3,3
9516,3,2
9517,2,3
9518,3,3
9519,2,2
9520,3,3
9521,3,4
9522,3,3
9523,3,2
9524,2,4
9525,2,2
9526,3,3
9527,3,3
9528,4,2
9529,1,3
9530,3,3
9531,2,3
9532,3,3
9533,3,3
9534,3,4
9535,3,3
9536,3,3
9537,3,2
9538,4,2
9539,4,2
9540,2,3
9541,4,3
9542,2,2
9543,4,3
9544,1,4
9545,4,3
9546,2,4
9547,2,3
9548,3,3
9549,2,3
9550,1,2
9551,2,4
9552,3,3
9553,4,2
9554,2,2
9555,3,2
9556,2,2
9557,4,3
9558,3,4
9559,2,3
9560,1,2
9561,2,2
9562,1,3
9563,3,3
9564,4,3
9565,3,3
9566,3,3
9567,2,3
9568,2,3
9569,3,5
9570,3,3
9571,2,4
9572,3,2
9573,2,3
9574,2,1
9575,3,3
9576,3,3
9577,4,3
9578,2,3
9579,3,3
9580,4,3
9581,3,4
9582,4,2
9583,2,2
9584,3,2
9585,3,3
9586,2,3
9587,4,4
9588,3,2
9589,3,2
9590,3,2
9591,2,3
9592,4,2
9593,2,3
9594,4,2
9595,2,3
9596,2,2
9597,4,4
9598,4,3
9599,5,4
9600,2,3
9601,4,3
9602,2,2
9603,3,2
9604,2,2
9605,3,3
9606,1,4
9607,3,1
9608,1,3
9609,3,2
9610,1,4
9611,4,3
9612,3,3
9613,2,1
9614,3,3
9615,3,4
9616,1,2
9617,4,3
9618,4,2
9619,3,2
9620,4,2
9621,3,2
9622,3,4
9623,2,4
9624,3,2
9625,2,3
9626,3,2
9627,3,4
9628,3,3
9629,2,3
9630,3,3
9631,2,3
9632,4,3
9633,4,3
9634,2,4
9635,3,2
9636,3,2
9637,4,3
9638,3,3
9639,3,4
9640,3,2
9641,3,2
9642,3,4
9643,3,2
9644,2,3
9645,2,3
9646,4,3
9647,3,2
9648,3,3
9649,2,3
9650,3,2
9651,0,3
9652,2,3
9653,2,3
9654,2,3
9655,3,3
9656,3,3
9657,5,5
9658,1,3
9659,3,3
9660,3,2
9661,3,2
9662,2,3
9663,2,2
9664,4,2
9665,3,3
9666,3,3
9667,4,4
9668,2,3
9669,3,4
9670,2,3
9671,5,2
9672,3,4
9673,3,3
9674,1,3
9675,3,2
9676,2,2
9677,2,3
9678,4,2
9679,2,3
9680,4,4
9681,5,3
9682,5,3
9683,4,3
9684,3,4
9685,4,2
9686,3,1
9687,4,3
9688,3,2
9689,2,2
9690,3,4
9691,1,2
9692,2,4
9693,2,3
9694,4,2
9695,4,3
9696,3,2
9697,2,1
9698,1,3
9699,2,3
9700,2,4
9701,2,4
9702,3,4
9703,3,2
9704,3,4
9705,4,4
9706,3,1
9707,3,3
9708,4,3
9709,2,2
9710,3,4
9711,2,4
9712,3,2
9713,1,4
9714,2,2
9715,3,2
9716,3,2
9717,3,3
9718,2,3
9719,4,1
9720,3,3
9721,3,3
9722,2,3
9723,4,3
9724,3,3
9725,3,3
9726,3,2
9727,2,4
9728,4,3
9729,2,2
9730,2,2
9731,3,3
9732,3,3
9733,3,4
9734,3,3
9735,4,4
9736,4,3
9737,2,4
9738,3,1
9739,3,2
9740,2,3
9741,4,2
9742,4,4
9743,2,3
9744,3,3
9745,3,4
9746,2,2
9747,3,1
9748,4,4
9749,4,2
9750,3,3
9751,3,3
9752,3,3
9753,2,1
9754,2,3
9755,3,3
9756,2,4
9757,3,3
9758,3,3
9759,2,4
9760,4,4
9761,2,2
9762,3,1
9763,2,3
9764,1,3
9765,3,3
9766,2,4
9767,3,2
9768,3,3
9769,4,3
9770,3,3
9771,3,1
9772,5,1
9773,2,3
9774,1,3
9775,1,3
9776,3,3
9777,4,2
9778,3,3
9779,2,2
9780,3,3
9781,4,4
9782,2,4
9783,2,3
9784,3,4
9785,3,2
9786,3,4
9787,4,2
9788,2,1
9789,3,4
9790,3,4
9791,2,2
9792,2,4
9793,4,3
9794,4,2
9795,3,3
9796,2,3
9797,4,3
9798,3,2
9799,3,3
9800,3,2
9801,3,4
9802,2,2
9803,3,3
9804,3,2
9805,2,3
9806,4,3
9807,4,2
9808,3,1
9809,4,3
9810,4,2
9811,4,3
9812,4,3
9813,3,4
9814,4,2
9815,3,3
9816,3,3
9817,3,2
9818,2,1
9819,2,4
9820,2,4
9821,3,1
9822,3,3
9823,4,3
9824,4,2
9825,3,3
9826,2,4
9827,4,3
9828,2,2
9829,2,2
9830,3,3
9831,2,3
9832,3,2
9833,2,3
9834,2,3
9835,3,2
9836,4,3
9837,2,3
9838,3,4
9839,3,3
9840,2,2
9841,2,3
9842,1,3
9843,4,4
9844,2,4
9845,4,3
9846,3,3
9847,2,3
9848,3,3
9849,3,3
9850,2,2
9851,3,3
9852,3,3
9853,2,2
9854,4,2
9855,2,4
9856,4,4
9857,4,4
9858,4,2
9859,3,3
9860,3,1
9861,4,3
9862,3,3
9863,3,2
9864,2,2
9865,2,2
9866,4,4
9867,3,4
9868,3,3
9869,4,2
9870,3,3
9871,3,3
9872,3,3
9873,3,4
9874,2,4
9875,3,3
9876,3,3
9877,4,3
9878,3,2
9879,3,4
9880,2,4
9881,4,3
9882,3,4
9883,3,4
9884,4,2
9885,3,2
9886,3,4
9887,3,3
9888,3,3
9889,3,4
9890,4,1
9891,3,2
9892,3,4
9893,2,3
9894,4,1
9895,3,4
9896,2,5
9897,3,3
9898,2,4
9899,2,3
9900,4,2
9901,4,3
9902,2,4
9903,2,2
9904,2,2
9905,2,2
9906,4,3
9907,5,3
9908,3,3
9909,2,4
9910,3,3
9911,2,3
9912,4,4
9913,2,3
9914,4,1
9915,2,1
9916,5,4
9917,3,4
9918,4,3
9919,4,2
9920,3,2
9921,4,1
9922,2,3
9923,3,4
9924,2,2
9925,4,3
9926,2,4
9927,3,3
9928,2,2
9929,2,3
9930,4,1
9931,2,2
9932,3,3
9933,2,4
9934,3,3
9935,3,3
9936,4,1
9937,3,4
9938,2,2
9939,3,3
9940,2,2
9941,4,3
9942,2,2
9943,4,2
9944,3,1
9945,4,4
9946,3,4
9947,2,3
9948,4,2
9949,3,2
9950,4,3
9951,3,3
9952,3,3
9953,3,5
9954,1,3
9955,2,3
9956,3,3
9957,2,3
9958,3,2
9959,3,3
9960,3,4
9961,3,4
9962,2,3
9963,3,2
9964,3,2
9965,3,3
9966,3,2
9967,4,2
9968,2,3
9969,3,2
9970,1,2
9971,3,3
9972,4,4
9973,3,3
9974,3,2
9975,3,3
9976,2,3
9977,3,3
9978,3,3
9979,3,3
9980,3,3
9981,3,4
9982,3,4
9983,3,4
9984,3,4
9985,4,1
9986,2,2
9987,2,4
9988,2,3
9989,4,3
9990,3,3
9991,3,3
9992,2,4
9993,3,3
9994,2,3
9995,3,3
9996,4,2
9997,3,3
9998,4,3
9999,4,1
