init.hand1,init.hand2,wcj,score1,score2,winner,numrounds,finish.hand1,finish.hand2,pure.seq.counts,impure.seq.counts,set.counts
26 16 26 21 19 5 45 13 46 28 29 3 23,16 15 52 32 20 45 2 18 35 34 34 24,36,0,80,0,4,45 46 44 21 19 20 16 29 3 26 13 39 23,16 15 52 32 45 2 18 35 34 34 24 35 28,2,0,2
27 50 22 44 41 17 43 36 12 39 25 45 37,38 48 15 20 46 52 17 28 21 33 14 43 5,45,0,80,0,10,17 18 19 44 43 45 41 52 27 28 12 25 38,6 39 14 15 28 17 5 20 46 33 48 25 22,1,2,1
50 49 22 12 44 36 29 51 33 52 25 16 46,13 17 8 39 36 0 18 48 44 47 5 6,2,0,80,0,14,50 49 51 23 25 52 18 17 16 22 21 20 2,13 17 8 39 0 48 44 47 5 36 38 44 31,3,1,0
50 32 31 41 31 19 5 0 28 48 40 51,37 27 47 38 39 45 20 46 23 7 28 39 44,32,0,31,0,14,32 31 33 19 5 7 45 40 1 41 28 15 52,20 21 22 48 6 50 39 27 28 15 3 30 44,1,1,2
36 11 1 32 24 43 21 48 51 6 5 17,10 31 0 25 11 22 5 27 35 12 45 42 3,23,0,8,0,17,31 32 30 36 20 21 18 5 44 1 27 23 10,10 11 12 9 45 47 46 52 27 40 26 0 15,1,1,2
8 22 27 16 35 51 14 45 19 50 39 47,52 23 13 31 21 37 10 2 6 29 21 6,26,12,0,1,19,16 14 15 17 29 30 31 32 45 19 27 41 29,6 8 7 23 21 52 21 13 19 47 49 48 39,2,2,0
51 40 16 30 26 17 3 0 6 1 13 24 11,14 14 47 49 8 20 45 9 4 52 19 39 18,6,15,0,1,19,1 3 2 12 6 9 10 26 13 0 28 16 30,20 19 18 47 49 45 21 47 34 52 14 25 52,1,2,1
6 10 45 8 3 28 11 5 17 14 47 35 12,18 41 26 50 51 30 27 52 21 9 32 24,23,0,63,0,27,5 6 7 10 11 12 9 39 0 13 3 16 49,14 15 52 40 41 32 6 45 26 27 2 30 34,2,0,2
27 12 5 34 20 42 46 47 25 6 47 8,39 25 4 44 11 34 13 43 52 24 7 22 49,36,0,10,0,29,5 4 3 23 8 7 13 25 10 44 45 46 43,1 2 0 49 6 7 41 10 51 39 14 27 28,2,2,0
12 30 3 51 38 22 21 18 7 8 16 39 24,6 52 2 44 42 13 19 32 28 29 48 21 26,1,0,75,0,10,6 7 8 22 21 20 23 3 16 29 39 0 52,13 26 39 2 28 42 18 18 19 32 6 19 23,2,0,2
28 18 2 12 16 7 5 21 49 9 20 18,22 6 1 42 42 45 36 52 52 13 19 34 24,30,0,19,0,14,18 17 16 5 3 2 30 29 28 27 7 20 43,19 21 20 52 34 33 52 9 12 10 1 6 45,2,1,1
1 24 30 19 23 0 35 6 47 52 45 28 25,15 51 11 26 12 18 42 10 33 36 39 32,17,0,34,0,6,24 23 25 30 40 42 19 6 45 35 52 48 52,11 12 10 9 26 28 27 39 15 42 18 32 32,1,1,2
13 41 20 43 16 48 10 31 18 30 0 1 43,7 39 31 45 36 21 14 17 35 9 19 38 33,15,65,0,1,32,31 33 13 39 39 1 40 1 16 43 4 44 8,9 8 7 2 17 19 4 30 43 42 3 29 52,1,1,2
24 20 32 7 15 22 2 43 23 49 28 51 0,33 3 40 45 25 22 50 35 5 31 26 47,9,0,9,0,35,23 25 24 22 48 34 31 15 28 41 0 1 52,39 40 51 22 30 31 33 26 0 13 26 27 2,1,2,1
26 28 44 4 39 17 47 29 37 2 9 41 20,14 30 12 30 6 41 4 34 18 39 40 27 20,17,79,0,1,4,4 17 39 28 2 29 44 32 20 47 37 34 12,41 39 40 30 18 20 30 9 35 14 25 13 4,2,1,1
0 47 15 21 33 5 2 33 34 2 50 10,31 12 6 3 39 7 26 35 12 24 37 1,51,0,41,0,46,27 28 26 1 38 51 4 44 31 18 0 13 38,12 25 12 52 52 39 14 27 1 40 31 11 37,1,1,2
28 0 25 38 2 8 14 33 19 32 48 17,52 26 50 6 39 16 5 10 16 20 10 29 50,23,0,66,0,29,48 49 47 50 51 10 28 41 15 42 3 16 29,52 39 0 40 14 16 4 17 5 44 5 45 35,1,1,2
11 13 33 6 12 31 50 6 25 37 2 20,18 40 28 48 26 20 4 52 1 16 46 17 36,18,0,14,0,13,25 24 23 6 31 8 11 50 37 33 20 46 31,0 1 12 18 48 50 17 4 5 26 40 28 16,1,1,2
19 45 33 28 6 44 49 33 2 37 30 29 15,17 20 16 26 46 45 17 44 10 52 7 5 30,11,0,30,0,8,28 30 29 19 20 18 37 33 20 2 0 1 37,46 45 44 7 6 52 26 26 14 16 17 30 17,3,0,1
31 20 50 44 27 49 49 43 10 45 27 19 52,3 40 51 30 5 17 46 43 16 30 14 15 15,21,42,0,1,26,15 17 16 43 44 45 27 41 41 30 31 19 35,16 14 15 21 22 20 30 43 4 27 1 40 52,2,0,2
33 26 3 6 45 41 5 7 10 16 17 52 43,12 14 26 28 39 13 34 10 48 11 48 14 9,19,11,0,1,31,26 28 27 32 5 7 4 14 25 13 40 28 2,12 0 1 6 41 43 13 26 39 18 17 20 32,1,2,1
29 42 30 20 11 12 26 18 38 25 29 50,43 49 23 19 15 48 34 41 4 2 1 13,6,80,0,1,12,29 42 30 11 25 29 48 34 23 13 7 20 4,49 48 50 47 19 43 44 15 41 2 1 27 45,1,1,2
42 23 5 11 2 1 27 50 22 3 4 10 24,28 33 15 45 37 17 46 47 21 36 12 19 11,49,0,51,0,0,5 2 3 4 23 22 10 11 50 24 1 27 14,28 33 15 45 37 17 46 47 21 36 12 19 11,1,1,2
35 52 26 3 51 22 12 50 38 9 36 1 4,25 20 16 31 15 21 16 13 48 8 2 28 47,24,0,80,0,0,26 38 27 52 3 1 4 51 12 50 35 22 9,25 20 16 31 15 21 16 13 48 8 2 28 47,1,1,2
41 3 27 13 21 44 3 18 11 50 50 20,17 17 19 2 22 13 23 4 1 51 28 39,26,3,0,1,18,21 20 22 13 11 9 44 18 39 26 3 4 27,48 50 49 13 17 19 2 28 41 16 3 29 42,1,1,2
40 34 18 15 29 22 2 17 26 41 34 3,46 47 1 23 7 39 14 8 52 25 11 33,35,0,43,0,7,17 18 16 15 22 23 24 28 26 27 29 30 31,1 2 3 23 52 25 39 14 41 30 46 33 47,4,0,0
33 39 46 32 19 52 10 27 35 30 10 14 15,16 24 25 16 20 14 37 22 52 51 45 51,4,0,80,0,11,35 34 36 33 32 52 19 18 30 15 28 17 30,16 25 16 20 37 22 52 51 46 27 13 11 6,1,2,1
17 35 46 24 40 52 28 16 19 11 6 7 10,8 17 29 26 38 5 12 46 23 50 42 49,50,0,80,0,2,17 16 18 19 24 28 27 52 7 6 46 11 44,8 17 29 26 38 5 12 46 23 50 42 49 10,1,3,0
3 37 27 28 40 39 26 22 43 20 15 37,13 0 20 43 29 28 11 32 22 4 38 31,33,0,69,0,5,27 28 26 40 39 20 37 50 11 46 43 30 52,20 13 0 26 28 29 43 4 31 44 32 22 38,1,1,2
43 29 28 36 12 37 16 11 3 9 20 50,18 7 30 21 44 14 39 48 0 38 32 47 45,7,0,41,0,22,16 18 17 9 20 11 7 29 3 33 31 29 46,39 40 41 30 20 32 0 0 40 28 12 38 21,1,2,1
12 40 22 10 51 37 41 6 11 30 35 10 9,43 40 45 42 8 5 4 22 27 34 13 52 29,48,0,56,0,6,12 10 11 40 22 51 41 35 9 27 6 19 45,22 52 9 40 27 42 29 43 4 30 5 18 45,1,2,1
5 4 31 16 5 25 52 9 50 42 17 4,48 49 43 40 6 44 6 15 20 33 36 40 15,31,0,59,0,12,5 4 3 31 0 1 5 52 42 52 14 16 17,44 40 40 14 15 15 28 41 43 43 4 6 6,1,3,0
35 20 21 23 7 21 37 32 32 4 9 15,39 40 34 24 13 27 2 45 7 10 19 48 37,38,0,19,0,26,7 9 8 3 1 12 4 3 5 14 15 13 16,41 42 43 51 27 29 30 52 19 32 2 16 24,3,1,0
34 24 49 30 1 47 27 5 46 11 14 14 28,50 17 13 10 41 10 0 11 29 43 26 37 0,42,0,61,0,32,5 6 7 29 42 9 27 14 40 1 14 27 16,30 32 31 0 2 28 43 17 31 6 45 32 19,1,1,2
0 34 31 17 7 3 33 12 49 17 13 38,14 36 32 22 6 23 2 40 37 44 35 26,34,0,34,0,15,13 15 14 17 16 34 0 12 52 3 19 45 21,36 37 35 48 50 8 26 13 2 29 30 44 6,1,1,1
27 30 35 6 16 34 42 41 21 9 4 49 26,4 46 2 51 7 28 17 41 32 26 50 5 45,30,0,68,0,3,42 41 40 30 27 26 29 34 4 21 35 9 48,4 17 26 0 2 28 41 5 32 45 7 51 12,1,1,2
18 17 46 11 32 33 38 31 35 5 43 21 42,45 37 52 14 35 0 44 0 44 30 33 40,4,0,50,0,13,32 33 31 38 36 37 17 28 15 5 6 7 43,52 30 0 26 14 40 40 42 3 29 44 44 45,3,0,1
31 0 16 25 47 36 19 21 5 43 34 14 18,30 13 37 44 39 33 10 32 26 49 42 48 49,44,0,19,0,3,19 21 20 31 25 14 36 49 10 34 5 18 37,49 48 47 30 44 33 32 13 39 26 42 16 20,1,2,1
42 26 31 9 29 38 16 27 50 36 5 49 33,10 40 24 17 44 6 13 49 11 21 36 51,1,0,17,0,13,42 43 41 27 31 33 29 16 3 42 16 17 14,36 38 37 51 49 50 6 7 5 13 26 17 44,1,2,1
46 24 20 15 27 26 31 11 26 22 42 35,49 47 37 10 13 0 29 18 31 14 13 27 32,1,72,0,1,8,27 26 26 0 13 15 29 31 46 20 24 22 35,29 31 32 30 14 49 47 25 27 13 12 11 10,2,2,0
29 41 29 23 25 44 52 43 48 0 36 11 20,47 15 50 28 7 37 27 9 27 51 26 16 10,33,0,39,0,13,31 32 33 52 20 40 43 52 44 18 46 29 30,27 28 29 7 23 22 27 15 41 16 4 44 11,1,2,1
49 48 47 7 29 24 30 7 31 18 6 34 22,8 4 26 30 24 19 5 8 22 12 21 19,31,0,49,0,14,49 48 47 50 31 33 34 18 29 3 5 19 20,24 22 23 25 39 26 14 4 30 30 43 7 20,1,2,1
10 29 9 3 40 43 0 45 17 18 31 12,13 38 4 34 46 37 33 7 28 46 14 15 47,38,0,20,0,25,16 17 18 12 28 29 31 51 42 43 45 46 44,34 33 35 46 45 47 38 37 50 39 1 5 6,2,2,0
4 41 3 12 45 27 37 48 3 47 36 40 45,30 39 26 34 0 52 38 34 21 20 19 26 9,43,80,0,1,2,4 41 3 12 45 27 37 48 3 47 36 40 45,21 20 19 18 30 26 38 39 0 26 52 9 22,1,1,2
48 12 44 9 24 19 34 24 41 35 8 33 38,29 39 1 7 0 20 52 48 26 12 11 17 27,2,0,28,0,10,34 35 33 41 26 27 5 44 18 9 8 6 7,1 0 12 52 17 20 19 39 13 14 4 44 45,2,1,1
21 14 1 14 36 9 3 47 49 22 37 27 46,39 35 18 17 30 19 10 29 45 10 35 48,37,10,0,1,26,29 30 28 37 17 19 20 1 14 27 14 1 2,48 49 47 18 17 16 35 9 48 19 24 16 50,2,1,1
24 46 12 9 1 29 37 5 40 28 26 18 20,30 31 19 5 12 47 51 34 25 11 23 42,8,2,0,1,12,12 1 0 52 41 40 28 2 41 18 20 19 26,30 31 32 33 29 47 12 11 9 25 23 34 22,1,2,0
44 8 12 20 26 10 3 18 14 31 42 32 20,11 38 27 32 41 30 41 14 0 39 36 48 8,45,0,2,0,41,32 33 34 6 1 3 32 41 28 0 39 13 19,16 17 18 29 31 30 28 27 26 40 14 1 0,1,1,2
10 38 43 16 39 49 7 26 50 23 41 33 42,44 25 0 34 46 35 14 27 33 34 48 13,21,31,0,1,21,32 33 31 41 43 42 26 28 2 16 16 3 43,50 49 48 34 10 11 34 13 0 33 7 20 8,1,1,2
11 8 36 5 2 12 36 50 32 34 25 42 33,40 34 16 7 4 4 51 13 25 1 26 40,28,80,0,1,26,32 11 2 12 26 42 16 18 36 8 32 50 4,25 24 23 51 40 39 44 42 43 13 26 39 52,3,0,1
35 23 5 44 52 8 35 39 4 28 2 2 32,7 16 14 11 23 27 40 45 10 4 48 19,15,0,45,0,6,28 27 26 2 4 5 2 43 44 28 41 32 35,11 10 9 7 8 52 27 40 16 4 45 23 48,1,3,0
30 10 4 48 15 32 22 25 6 19 43 7,23 17 33 12 50 11 51 39 18 13 5 16 5,2,0,69,0,8,10 11 12 15 22 25 28 32 6 19 30 4 43,39 13 26 14 1 16 3 17 5 44 45 33 23,1,1,2
32 17 6 32 44 4 24 43 8 26 47 26 9,5 51 40 29 42 42 23 52 7 45 21 36 19,21,0,41,0,20,3 4 2 8 26 28 47 34 32 43 44 47 46,51 39 52 40 42 44 5 31 28 3 45 32 25,1,3,0
44 27 40 23 8 27 24 36 11 25 26 40 3,30 50 9 16 6 33 9 52 48 36 0 19,49,0,80,0,11,23 24 25 36 44 43 26 13 0 27 40 1 14,50 9 16 6 33 52 48 0 19 11 19 12 3,1,1,2
10 17 14 21 19 14 4 42 48 45 3 16 26,9 18 39 40 3 41 23 28 5 11 8 4 28,29,0,9,0,7,17 18 19 20 16 42 10 7 3 16 13 14 17,4 5 6 9 3 11 8 41 28 2 39 40 28,1,2,0
52 3 40 36 47 7 28 26 45 35 12 41 50,15 13 33 36 6 21 39 20 11 16 47 22 9,51,0,10,0,20,20 22 21 52 5 7 2 41 15 12 46 7 38,13 15 16 14 23 21 25 39 13 26 25 40 44,1,1,2
26 30 0 21 11 29 3 29 8 43 7 37,41 44 20 27 0 37 49 30 6 1 13 14 22,19,0,13,0,17,0 2 1 16 32 14 29 3 16 30 28 29 27,41 42 43 6 17 18 20 52 7 9 0 15 18,2,1,1
29 15 0 7 25 23 41 10 16 50 20 24 5,43 35 39 27 15 45 19 25 22 28 36 43 37,31,0,77,0,8,25 23 24 39 41 40 5 20 7 16 29 42 44,52 5 39 27 28 43 43 45 19 35 37 25 22,2,0,2
1 46 12 39 10 43 19 6 18 30 27 41 25,34 33 7 23 40 50 13 25 47 29 44 6,22,0,15,0,40,40 41 39 51 48 1 2 52 15 16 48 30 43,31 33 32 18 19 17 29 16 42 39 26 27 45,1,2,1
17 47 20 46 5 14 40 6 21 49 45 52 45,43 36 3 48 5 30 0 42 37 3 31 44,23,0,56,0,9,20 21 22 47 46 48 45 49 14 40 6 52 7,36 37 38 0 41 42 3 3 16 44 31 5 46,2,1,1
21 14 27 35 34 10 42 43 18 12 28 39 36,10 23 16 41 16 23 35 1 11 8 14 3,43,0,17,0,32,42 41 39 40 43 27 28 3 16 42 44 30 5,10 11 12 30 27 29 1 14 40 0 13 41 20,1,1,2
5 28 24 36 51 6 2 13 43 39 49 19 42,9 32 46 50 14 52 33 12 11 37 47 32,44,0,7,0,14,42 43 41 2 1 3 28 15 5 27 29 28 30,51 40 39 52 32 33 35 50 11 37 0 0 14,3,0,1
13 41 5 11 23 16 35 46 1 47 51 30,47 43 40 27 40 19 49 31 18 0 0 27 21,7,0,24,0,37,15 16 17 52 40 41 51 1 27 40 13 26 39,7 6 8 46 19 21 0 0 27 1 15 3 42,1,1,2
35 46 28 28 41 19 11 47 8 24 40 44 14,32 32 29 2 4 39 51 39 6 46 21 27,20,0,80,0,16,46 44 45 7 28 30 40 14 27 46 30 28 31,39 39 14 2 41 29 18 32 34 51 21 35 32,1,2,1
22 0 46 46 20 25 3 14 16 43 18 42 5,25 21 47 6 37 50 30 21 44 8 2 36,48,0,80,0,23,13 14 15 22 0 2 9 43 30 9 16 18 52,25 21 47 6 50 21 8 25 20 51 37 6 24,1,2,1
46 31 3 45 26 48 15 20 36 23 27 48,5 12 2 7 26 33 18 8 20 47 12 7,43,0,80,0,17,15 16 14 17 18 20 4 31 32 4 29 26 27,5 12 26 33 8 47 7 23 19 25 45 3 7,1,3,0
41 12 21 18 50 36 48 9 26 2 32 13 27,39 37 0 7 34 17 16 52 25 46 2 29 36,0,80,0,1,7,41 12 21 18 50 36 48 9 26 2 32 13 27,14 16 17 15 39 46 44 0 7 8 52 2 41,1,2,1
35 39 6 38 45 17 10 38 19 48 52 28 32,30 15 40 41 35 5 23 51 47 51 32 31,0,4,0,1,28,18 19 17 28 29 27 52 35 22 41 42 40 15,32 31 33 30 29 39 45 44 46 47 45 48 26,2,2,0
47 46 13 45 29 42 39 12 44 41 17 11 11,43 0 29 40 51 22 3 7 17 33 49 41 37,9,0,78,0,3,47 46 45 44 12 11 9 39 41 22 42 29 22,0 40 1 41 29 3 43 17 17 7 33 51 49,1,2,1
49 20 27 45 22 15 51 22 1 9 18 9,29 17 36 48 33 38 34 23 32 20 14 8 6,40,0,61,0,14,22 21 20 19 27 4 3 22 9 1 23 36 10,48 49 47 46 45 28 29 43 32 20 33 9 51,1,1,2
52 25 41 23 35 6 24 37 12 29 11 26 0,2 7 18 43 46 37 16 38 30 0 19 40 28,41,0,8,0,11,25 23 24 52 35 37 34 41 38 26 9 7 8,18 19 20 2 28 43 46 30 43 17 0 40 40,2,2,0
12 23 27 51 16 30 20 8 47 38 10 16 26,8 7 2 36 26 29 52 13 11 36 15 22,35,11,0,1,14,27 26 28 38 12 10 48 51 12 38 1 28 15,13 15 14 52 29 30 32 22 7 20 35 19 20,1,2,1
1 33 15 17 49 51 0 6 18 32 3 27 29,47 31 50 41 36 39 27 38 51 33 36 4,30,11,0,1,10,26 27 38 17 3 6 5 32 33 52 0 15 29,50 51 49 4 33 34 31 30 27 14 36 38 37,2,1,1
1 49 27 4 36 5 37 21 25 47 39 40 24,14 41 16 41 18 7 20 17 12 43 13 31 42,45,0,80,0,12,40 41 42 32 1 2 45 4 17 5 18 44 52,16 43 13 39 41 31 7 25 50 11 37 36 47,1,1,2
52 45 18 44 14 32 15 6 13 26 52 15 22,43 21 14 33 1 17 2 25 26 47 1 11,5,0,80,0,1,14 15 13 52 18 15 45 32 6 44 22 35 52,43 21 14 33 1 17 2 25 26 47 1 11 47,1,1,2
22 13 9 12 11 2 47 17 47 42 15 26,15 48 14 1 52 16 50 8 44 39 9 20 27,41,7,0,1,5,42 43 44 12 11 2 9 22 15 23 13 26 27,16 18 17 15 48 50 47 14 1 27 52 8 47,1,1,2
8 30 18 4 24 46 48 5 15 28 36 37 39,22 8 30 0 40 17 13 33 45 12 51 20,33,18,0,1,22,46 45 47 52 28 26 30 4 43 13 40 3 6,17 18 19 33 19 18 0 13 39 20 15 28 52,1,1,2
41 47 5 12 9 51 8 34 32 30 8 32 13,34 40 29 22 43 20 46 28 31 50 44 47,17,0,25,0,34,8 6 7 52 4 29 13 26 39 34 32 30 35,40 42 41 10 9 43 27 28 26 28 3 32 45,1,2,1
42 4 13 8 28 22 43 7 13 23 48 15 50,36 1 17 31 51 45 46 32 38 47 7 29 14,4,0,14,0,15,31 32 33 43 7 8 10 11 12 13 15 14 16,45 46 47 36 17 38 4 22 23 13 1 28 29,3,1,0
18 44 27 29 17 22 1 26 25 10 3 0 19,36 49 2 51 21 23 24 43 30 7 11 36,2,0,19,0,20,18 17 19 16 18 17 29 3 42 15 44 43 15,49 51 50 2 30 32 7 33 41 0 13 42 21,2,1,1
46 40 48 43 27 0 33 5 36 37 0 20 52,46 3 34 10 29 15 1 25 3 41 32 22 23,14,0,70,0,14,35 33 34 5 4 6 40 36 10 31 30 32 27,1 26 15 41 28 3 29 43 43 32 6 33 46,3,0,1
48 14 15 1 3 28 50 31 39 3 39 30 43,48 4 41 27 22 19 26 50 21 18 0 46 30,36,0,73,0,29,1 3 2 10 11 23 4 30 43 26 39 0 52,3 5 16 18 19 52 27 40 28 30 31 45 34,1,1,2
43 41 0 50 32 31 15 28 43 24 45 30 20,7 37 52 2 27 13 14 28 17 34 20 48 12,8,7,0,1,41,2 3 4 0 1 51 8 50 39 26 0 27 41,13 25 14 52 32 30 34 40 1 47 21 13 16,1,2,1
40 51 49 2 33 28 22 47 38 37 47 2 34,12 19 52 44 42 18 10 18 50 32 27 41,39,69,0,1,10,33 34 35 40 27 28 2 5 6 51 49 22 47,26 27 38 52 13 18 42 44 0 45 19 18 52,1,3,0
44 32 52 1 18 41 13 50 40 25 31 16 46,51 0 17 0 33 46 3 28 6 27 25 45,39,68,0,1,8,52 13 40 1 41 16 4 30 44 18 32 46 12,3 5 4 6 0 27 28 51 25 12 0 45 44,1,2,1
3 27 11 46 52 48 22 47 43 16 39 24 28,51 14 19 9 30 26 17 49 25 20 31 12,45,0,53,0,13,27 28 26 52 24 25 37 50 11 46 47 45 44,14 16 15 17 26 39 1 3 30 43 20 51 49,2,1,1
29 33 28 42 19 37 38 34 48 15 4 18 39,34 14 50 3 6 11 47 40 36 21 20 12,28,12,0,1,19,37 38 36 15 4 6 3 27 1 14 39 29 29,34 36 35 40 39 51 31 32 30 33 15 20 19,3,1,0
12 51 20 14 22 10 24 29 39 17 36 23 46,32 4 0 6 25 37 49 44 16 43 28 7,51,0,80,0,10,14 15 13 24 23 12 17 51 43 20 46 33 7,32 4 0 6 25 37 44 16 28 36 34 20 49,1,1,2
18 31 12 13 42 27 46 33 19 18 25 20 9,4 52 36 3 6 5 34 29 7 38 46 20,9,42,0,1,2,18 19 20 31 33 9 13 27 42 43 18 46 12,4 3 6 5 52 36 34 7 46 20 38 25 12,1,1,2
13 29 47 15 38 10 10 23 29 42 0 28,46 24 37 44 14 39 38 12 31 40 12 20 34,25,0,9,0,9,28 29 30 38 15 17 13 0 26 29 42 3 16,39 40 51 37 38 12 46 12 20 34 25 47 50,1,1,2
10 33 25 1 6 7 26 34 23 41 10 52 13,33 35 46 32 19 14 8 25 5 11 28 39 18,47,80,0,1,10,52 13 1 41 30 6 33 7 46 37 25 23 46,26 28 27 34 18 19 8 5 6 32 33 21 30,1,3,0
40 2 33 18 48 8 25 26 25 36 47 50 17,2 9 44 5 41 43 9 20 22 51 41 7,24,0,80,0,15,18 17 16 50 33 32 48 47 46 45 20 11 21,9 44 5 43 9 22 41 25 23 8 36 5 32,2,2,0
17 3 37 40 18 51 24 9 11 9 12 30 4,52 12 3 31 48 22 35 10 23 2 37 15 49,29,0,4,0,14,17 18 19 16 51 49 37 24 11 40 27 14 29,48 49 47 12 10 11 52 22 35 3 31 18 15,1,1,2
1 27 7 15 49 32 28 3 5 15 46 40 35,40 20 12 49 28 48 47 20 44 0 36 31,43,0,2,0,48,26 27 38 24 22 4 28 15 41 25 17 13 15,46 47 48 49 50 52 36 35 40 14 27 1 0,1,2,1
6 35 42 11 30 12 50 20 32 1 9 16,41 23 20 52 2 40 14 47 8 33 51 29,38,0,9,0,17,30 32 31 12 1 2 4 12 6 19 52 27 1,29 30 28 52 51 8 11 20 33 7 0 14 2,1,1,2
40 33 46 49 32 33 37 49 3 9 18 42 25,8 4 45 9 17 47 48 30 21 39 38 39 7,13,80,0,1,1,40 33 46 49 32 33 37 49 3 9 18 42 25,8 9 7 45 47 48 39 4 17 30 21 39 22,1,2,1
35 22 18 3 36 25 33 11 12 33 50 51,27 19 15 13 11 15 14 20 25 5 7 4,45,0,43,0,24,20 19 21 6 50 51 18 31 5 52 2 3 0,15 13 14 25 1 27 27 1 42 29 4 17 33,1,2,1
23 30 31 18 37 52 44 30 26 5 3 13 43,24 7 8 36 11 5 19 23 50 26 40 8 13,9,0,80,0,19,1 3 2 52 13 14 31 18 5 23 22 21 35,24 23 40 15 15 30 43 5 44 19 51 10 30,2,1,1
10 36 14 43 32 25 52 44 48 2 18 15,23 0 8 5 24 20 35 5 25 20 3 27,30,0,25,0,49,18 19 20 21 42 40 41 16 30 3 13 14 25,18 19 16 17 15 31 33 4 1 27 2 44 6,3,0,1
40 7 6 52 0 50 11 47 5 28 30 36 41,34 17 50 15 2 49 44 38 41 47 12 14,6,0,80,0,8,41 43 42 7 6 5 8 50 11 24 40 14 52,34 50 15 2 38 41 47 36 9 47 30 0 12,2,0,2
49 35 9 33 2 0 46 17 34 51 50 40 31,4 20 44 7 27 8 13 24 39 36 51 37 49,15,0,80,0,4,49 50 51 2 46 47 40 52 1 35 33 34 32,4 20 44 7 27 8 13 24 39 36 51 37 49,2,1,1
29 36 3 48 2 1 38 4 41 28 3 43 35,50 46 37 30 27 31 5 26 49 8 6 24 39,42,0,80,0,1,3 2 1 29 36 38 48 3 35 4 43 17 29,50 46 37 30 27 31 5 26 49 8 6 24 39,1,1,2
52 21 52 42 36 48 35 32 40 33 10 9,12 51 8 13 1 30 22 16 28 28 38 18,4,0,80,0,33,40 42 41 17 32 33 35 14 1 27 26 13 0,13 28 46 8 21 51 23 11 16 44 7 11 2,1,1,2
12 42 24 35 15 26 39 23 7 46 7 6,21 52 29 51 38 45 8 32 19 4 48 13,27,56,0,1,10,23 22 24 26 39 15 16 29 4 30 6 7 46,34 35 36 52 42 41 51 38 12 32 14 29 30,1,2,1
20 21 24 29 26 4 10 22 20 46 51 28,19 0 6 49 37 27 39 17 30 31 1 48,3,0,36,0,22,51 39 40 20 21 22 19 2 0 1 52 49 48,49 47 48 46 0 1 12 26 27 17 31 32 22,3,1,0
36 45 24 40 3 26 33 12 48 30 14 4 46,45 16 30 11 47 43 34 13 49 23 6 17,0,0,80,0,12,45 46 47 26 52 33 36 0 40 42 13 28 2,45 16 30 43 34 49 23 6 17 6 12 14 30,1,2,1
6 51 4 27 10 2 17 31 32 17 13 14,18 15 19 36 19 29 43 46 27 8 26 24 29,7,0,75,0,19,13 14 25 46 17 18 32 6 46 43 44 42 52,20 40 27 15 15 29 29 4 31 19 36 37 50,2,1,1
18 39 41 29 25 19 44 5 37 9 2 43 46,26 40 47 30 20 0 31 18 38 42 40 27 4,47,80,0,1,20,52 41 29 4 5 32 46 51 10 35 49 44 14,39 40 51 20 18 19 47 0 12 26 38 27 28,3,1,0
51 38 46 9 15 44 11 42 42 5 27 37 14,2 22 16 3 0 29 47 34 28 43 18 39,43,0,59,0,20,5 7 6 4 42 44 52 27 28 38 40 42 41,43 52 17 0 39 2 28 29 18 44 32 47 34,2,2,0
52 19 31 23 25 32 46 17 51 47 50 37 28,1 46 9 34 43 33 40 3 16 52 19 27,12,0,78,0,5,31 32 33 52 17 19 25 28 41 51 46 47 49,52 1 40 27 3 16 42 43 19 34 35 9 37,1,2,1
31 3 8 38 52 6 41 1 47 12 29 30 6,7 3 13 20 23 18 49 27 17 51 45 51,28,0,38,0,3,47 46 48 31 30 52 33 38 41 12 29 3 52,7 8 6 17 18 20 15 13 27 3 45 23 49,1,1,2
20 33 30 6 47 50 35 43 25 52 45 2 3,0 45 17 29 19 22 39 0 38 5 17 34,2,0,42,0,15,33 35 34 22 23 20 21 2 47 45 30 43 15,52 41 0 39 0 39 13 1 29 3 17 17 5,2,1,1
7 23 16 8 12 32 51 38 33 46 34 18,14 37 52 19 34 45 5 16 33 26 3 48,10,0,80,0,3,32 33 34 7 23 8 12 51 38 44 46 45 52,14 37 19 34 45 5 16 33 26 3 48 22 18,2,1,1
51 12 47 48 1 44 4 3 21 11 3 41,23 38 27 15 25 28 26 13 33 22 29 29 36,42,80,0,1,2,51 47 48 1 44 4 3 21 11 3 41 8 15,27 28 26 23 22 29 33 29 36 35 38 25 12,1,2,1
50 51 27 13 24 16 41 31 32 34 26 4 29,36 52 7 37 48 11 9 11 30 43 20 2,50,0,59,0,6,26 27 38 50 29 31 32 24 51 49 48 24 46,52 37 11 11 2 16 30 43 4 4 45 7 20,1,3,0
39 40 24 41 24 37 51 0 30 5 17 18 3,0 32 44 3 47 8 32 33 26 22 23 34 22,42,25,0,1,7,39 40 41 51 3 24 22 21 0 41 30 17 5,33 34 32 3 22 23 25 0 26 39 16 44 45,1,2,1
3 8 39 12 40 28 30 26 47 40 7 31,0 2 15 47 25 51 21 8 48 33 35 20 46,19,0,39,0,36,25 13 14 39 40 51 52 21 20 7 8 45 5,29 31 30 26 14 27 2 2 15 15 41 42 17,2,2,0
33 14 2 46 43 27 30 2 8 24 13 32 8,19 0 9 16 25 39 28 38 44 49 3 1 22,37,0,2,0,27,13 14 25 50 33 34 31 15 37 13 16 3 42,0 1 2 52 16 50 39 40 26 28 27 26 18,1,2,1
23 20 28 26 37 46 33 35 49 15 23 31 36,8 17 14 20 42 3 50 24 7 48 29 34,19,0,80,0,15,37 35 36 19 16 15 42 43 44 52 22 20 52,14 3 50 24 7 29 34 23 50 33 47 15 28,2,2,0
3 51 13 6 40 52 31 37 8 5 12 28 9,7 45 24 46 16 21 0 25 2 26 42 1 34,34,61,0,1,2,52 8 52 13 40 28 3 3 31 5 6 51 37,0 2 1 12 24 21 25 7 46 34 16 42 47,1,1,2
31 21 18 7 40 16 26 23 46 30 50 28 14,48 15 44 6 7 20 12 41 36 43 45 49,25,0,23,0,26,21 20 19 24 23 12 14 16 15 17 26 28 27,44 45 43 12 36 34 37 39 39 0 1 15 23,3,1,0
48 38 39 46 0 42 11 44 36 41 9 23 7,16 6 10 47 12 49 19 19 45 17 13 26,44,0,6,0,14,38 36 37 41 42 40 9 48 35 46 7 20 52,18 16 17 12 11 44 19 6 45 13 26 39 43,2,0,2
31 20 18 43 46 8 34 40 41 50 15 3,18 11 14 11 25 38 0 33 1 32 3 52,26,80,0,1,29,32 22 52 41 3 18 34 50 8 18 3 4 10,14 16 15 0 28 30 31 0 20 21 33 39 31,1,3,0
23 36 13 39 1 4 4 52 10 37 28 48,35 19 12 31 52 7 21 3 45 2 44 51,3,0,80,0,24,10 11 12 52 24 22 3 20 21 17 30 4 43,2 1 4 31 44 45 45 7 35 51 51 36 28,1,2,1
21 49 21 2 51 33 11 38 25 0 5 27 35,42 28 31 2 5 7 23 45 25 43 40 52,30,9,0,1,41,31 32 33 17 2 3 5 43 46 7 13 40 28,26 27 38 43 23 25 45 44 46 42 52 39 41,2,2,0
15 25 44 21 40 35 42 39 16 36 7 25,24 15 41 38 32 41 6 3 51 28 19 2 1,10,0,10,0,11,42 44 43 36 15 16 18 40 1 27 39 26 36,3 2 1 0 23 15 17 19 32 6 45 41 43,1,1,2
34 17 33 27 41 1 25 26 9 8 11 0,21 18 52 47 30 24 42 47 23 30 28 24,3,0,29,0,17,9 8 7 42 17 19 35 37 36 27 1 14 40,28 27 26 52 23 24 21 47 34 30 18 31 46,2,1,1
39 1 17 17 49 32 0 47 12 4 46 43,9 16 15 12 52 33 6 0 4 34 50 10,44,62,0,1,7,1 0 12 39 40 14 17 4 43 32 46 33 49,49 47 48 52 4 6 9 12 10 11 15 16 17,3,1,0
26 37 39 29 37 45 27 16 36 42 15 48 18,10 9 40 18 30 44 49 24 20 25 5 27,24,0,80,0,4,26 27 28 37 44 45 29 16 42 15 18 37 17,10 9 40 18 30 44 49 24 20 25 5 27 2,1,2,1
11 13 28 46 19 47 19 20 39 15 26 12 10,40 9 8 16 42 1 2 37 13 0 11 1 40,29,0,19,0,14,45 46 47 11 10 9 13 39 26 12 1 0 2,1 0 42 30 31 33 16 30 17 13 40 40 15,3,0,1
14 20 44 3 15 31 29 40 25 36 43 9 25,27 42 27 38 22 16 40 18 14 15 18 52 42,9,2,0,1,7,31 29 30 28 14 15 25 9 16 44 18 31 26,42 41 43 40 22 18 20 38 52 12 27 14 40,1,1,2
27 31 42 4 31 12 38 43 45 11 11 36 16,3 34 52 48 44 27 42 46 50 28 39 37,38,0,80,0,10,25 13 14 12 42 43 45 38 31 18 12 4 30,44 46 52 37 36 50 11 37 24 39 27 28 16,1,1,2
45 38 26 9 27 47 0 23 5 13 18 28 31,17 48 49 22 32 44 4 7 19 26 24 48,14,12,0,1,20,50 48 49 27 32 34 38 1 12 26 13 28 41,22 24 23 21 35 37 36 40 18 31 17 4 43,2,0,2
32 22 23 27 24 14 10 37 1 35 18 9 12,20 3 36 21 13 10 42 43 51 6 9 48,12,4,0,1,39,15 17 16 5 6 4 1 27 40 7 8 9 2,1 3 2 51 52 46 51 20 46 42 43 40 25,1,2,1
24 4 13 52 15 43 2 10 19 50 47 30 0,32 3 5 17 12 1 48 2 52 25 23 6 9,51,75,0,1,4,52 13 0 15 2 16 4 43 30 24 50 23 37,3 1 2 12 52 9 6 48 47 49 25 17 43,2,1,1
11 45 2 17 51 1 45 28 22 46 38 44 21,7 4 0 38 27 25 48 14 24 16 9 32,34,0,51,0,48,32 33 31 17 8 19 2 41 15 20 46 52 47,21 34 8 26 14 1 41 29 3 42 5 18 50,1,1,2
39 22 38 31 32 12 37 17 34 20 49 16,52 44 11 20 10 39 48 28 30 9 25 15 16,17,0,35,0,32,30 29 31 38 17 36 22 48 9 52 28 15 43,27 28 26 25 23 4 39 1 2 16 42 44 7,1,1,2
5 37 4 29 7 36 33 32 0 2 26 46 40,25 14 20 1 50 37 6 8 49 3 12 6,10,0,80,0,7,32 33 31 34 36 26 38 2 4 52 0 2 23,25 14 20 1 37 6 8 49 3 12 6 5 15,1,3,0
18 21 17 35 8 0 29 16 19 5 10 50 19,37 2 13 11 38 20 43 0 48 14 49 25 31,14,5,0,1,19,18 17 16 8 9 10 40 0 39 19 45 32 29,19 20 21 14 27 44 5 2 3 4 37 38 36,3,1,0
13 3 8 22 9 4 48 46 3 16 27 11 17,10 0 19 16 18 25 21 30 6 36 19 15,42,0,19,0,7,13 25 14 3 3 45 4 17 30 16 46 33 42,19 18 21 20 22 10 16 11 8 0 1 30 6,1,1,2
23 7 26 39 41 1 8 13 34 40 0 51 50,19 21 18 32 31 19 43 42 20 10 9 34,11,0,62,0,5,39 41 40 51 50 34 35 26 13 0 52 1 3,19 21 18 20 42 42 43 4 31 31 32 19 10,1,2,1
2 23 37 24 50 31 9 25 7 13 29 47 12,8 43 46 1 40 49 21 26 36 38 30 13,32,2,0,1,27,29 31 30 21 6 22 24 37 11 19 40 39 13,41 40 39 46 49 47 52 34 33 45 6 1 27,1,2,1
7 50 8 37 40 47 19 9 17 51 22 10 25,20 37 38 52 52 15 40 43 14 3 34 33 24,4,14,0,1,23,17 16 18 19 7 8 9 10 24 11 0 13 12,40 41 39 52 52 3 43 14 40 15 28 2 17,1,1,2
0 49 25 7 3 3 35 38 46 4 14 6 19,27 5 17 11 30 12 47 1 42 6 22 28 13,20,0,14,0,18,3 4 6 5 7 14 16 46 40 42 46 17 30,27 28 26 33 6 33 17 30 13 1 1 28 45,1,2,1
41 21 30 49 29 52 35 43 20 42 7 47 4,51 26 38 11 37 32 23 12 12 6 45 9,28,0,39,0,11,30 32 31 41 52 11 42 29 16 43 4 30 28,23 21 20 22 11 12 52 26 3 18 32 45 7,1,1,2
2 37 20 36 6 44 17 15 33 47 1 21,1 46 45 14 46 49 13 30 14 35 49 41 0,30,8,0,1,17,37 38 36 17 20 23 22 2 15 52 26 1 1,46 45 44 30 46 48 17 51 40 12 43 0 2,1,3,0
36 33 23 32 23 7 30 37 44 33 45 34 19,34 5 32 11 18 25 29 22 52 3 26 5,43,0,21,0,35,6 7 5 43 19 21 22 27 52 26 14 13 15,26 38 27 1 2 3 32 19 45 39 14 44 7,2,2,0
40 14 50 24 9 27 25 1 20 29 6 22 4,41 17 43 12 11 36 30 25 47 20 3 35,29,0,35,0,21,4 6 5 7 8 29 27 1 14 41 43 40 52,36 37 38 12 11 3 9 39 41 17 30 44 47,1,2,1
52 18 25 21 11 42 34 8 13 16 8 41,3 41 17 14 19 28 19 10 46 34 39 1 43,25,0,11,0,22,28 29 31 30 52 41 42 25 13 0 51 3 4,0 1 12 16 17 15 18 3 42 16 39 1 43,1,2,1
45 44 37 5 11 32 48 34 41 37 6 43,39 14 45 0 22 24 50 50 35 5 31 52 12,7,0,12,0,43,31 32 33 52 13 14 16 37 38 36 40 41 42,0 12 1 38 37 20 4 30 17 13 27 14 41,3,1,0
13 9 0 8 49 46 51 12 36 20 1 44 31,22 40 7 29 32 35 30 31 13 23 10 34 4,49,0,15,0,1,0 12 1 9 8 49 11 36 44 31 46 20 7,29 30 31 32 23 34 22 35 10 13 40 15 4,1,1,2
28 10 19 21 5 4 8 23 39 12 37 44,40 33 37 41 52 9 31 8 29 32 49 6 2,51,0,13,0,22,44 45 43 38 19 20 1 40 14 29 30 28 51,33 31 32 4 6 25 16 17 18 0 27 41 41,2,1,1
18 7 41 26 34 17 17 28 15 23 20 1,25 14 21 19 33 14 45 12 10 23 52 0 26,6,0,14,0,19,29 31 30 52 17 18 15 52 12 1 1 3 19,19 21 20 18 22 45 10 7 8 11 0 26 47,1,3,0
23 41 25 32 31 52 50 19 43 16 8 2 21,36 9 5 34 11 45 43 11 51 8 24 41,40,0,80,0,9,41 43 42 21 23 52 19 32 45 25 1 52 22,36 9 34 11 45 43 11 8 24 41 25 8 50,1,2,1
49 16 50 30 10 17 40 31 52 26 40 42 23,12 1 38 35 24 19 41 8 16 15 22 22,2,0,80,0,11,30 31 29 52 40 39 49 10 23 36 41 37 50,12 1 38 35 24 19 8 16 15 22 16 42 27,1,1,2
42 27 21 38 44 16 43 8 16 39 49 31 40,52 34 45 20 18 4 39 25 6 30 43 5,30,0,13,0,13,42 44 43 27 17 28 7 20 33 0 2 43 52,20 18 19 6 5 52 30 34 32 39 14 40 16,1,2,1
47 27 30 16 19 10 12 25 40 41 27 38 13,4 15 4 7 14 26 39 26 28 42 46 8,49,0,49,0,62,2 0 1 30 31 32 33 13 39 0 27 40 52,23 36 49 26 27 14 40 29 16 4 43 44 7,2,0,2
31 26 49 41 30 25 47 2 12 43 34 20,31 10 21 28 24 52 41 33 7 27 17 22,4,23,0,1,11,40 41 39 30 43 45 49 47 26 2 16 16 31,10 11 12 22 20 21 52 33 7 17 28 41 43,2,0,2
47 20 48 12 11 32 7 16 39 14 52 23,31 38 29 27 9 43 43 13 46 33 26 32 24,2,0,29,0,24,16 18 17 52 7 9 47 48 49 52 14 25 15,44 43 42 38 36 28 35 27 42 31 31 5 45,2,2,0
19 42 5 29 16 24 17 50 51 10 8 37 29,52 4 39 36 44 1 26 14 40 46 40 13,2,13,0,1,39,41 42 40 52 16 17 43 17 4 26 27 1 29,19 20 21 22 2 30 31 28 36 49 40 1 27,1,1,2
33 12 41 14 39 15 0 50 20 34 35 1 45,23 4 2 38 51 44 27 46 17 52 49 27,22,0,15,0,22,12 0 1 2 15 14 16 35 39 41 6 5 7,51 49 50 52 23 25 27 40 1 13 0 42 17,3,1,0
22 24 17 33 27 32 16 38 38 19 7 26 34,10 6 39 4 47 34 21 19 2 11 9 44 33,37,0,5,0,14,2 3 1 24 16 17 19 11 27 38 21 34 47,34 33 35 36 7 9 10 52 6 45 50 39 14,1,2,1
3 41 9 14 39 1 1 20 17 49 13 13 22,48 11 24 0 36 32 18 39 7 44 52 38,43,37,0,1,8,20 22 21 17 41 42 13 1 1 15 3 24 11,36 38 37 48 49 50 47 52 18 44 0 39 13,2,0,2
16 20 21 2 14 51 9 15 10 1 28 47,3 48 49 34 42 8 40 35 17 14 22 48 31,2,0,49,0,6,20 21 22 2 51 15 48 28 9 10 47 8 34,48 49 50 40 14 1 3 42 16 17 30 4 31,1,2,1
4 17 22 11 24 7 22 27 26 26 5 48,40 44 33 20 5 23 2 13 27 37 47 18 18,51,19,0,1,18,17 18 19 4 5 3 7 6 26 26 27 42 44,20 22 21 33 34 35 36 12 18 5 51 27 1,2,0,2
17 8 13 41 34 47 28 38 12 29 21 29,33 8 47 35 2 46 52 24 1 37 44 28,5,80,0,1,18,8 13 41 47 12 29 21 29 37 36 33 33 2,1 2 0 12 52 46 48 31 26 28 43 4 17,1,2,1
22 51 13 8 50 30 9 46 4 40 9 27 15,7 23 3 48 36 13 5 3 47 15 6 50,6,3,0,1,12,13 15 14 51 50 6 20 22 21 40 41 42 27,7 9 8 48 47 46 45 3 5 13 15 45 19,2,2,0
10 13 44 25 52 51 49 1 11 27 6 52,4 27 47 46 37 7 38 5 43 51 22 14 40,20,80,0,1,5,10 13 44 25 51 49 11 27 6 52 37 22 5,27 38 26 46 51 40 4 43 30 28 7 2 52,1,1,2
35 25 2 8 43 26 18 33 21 41 31 24 44,16 11 17 0 51 9 33 28 29 35 7 5 32,25,0,25,0,9,1 2 0 25 43 44 18 31 44 14 16 38 13,7 9 8 51 32 33 51 5 18 28 29 17 37,1,2,1
48 46 14 30 38 1 40 47 33 7 17 42 50,42 3 12 21 50 9 52 30 18 34 32 45,10,0,80,0,12,42 43 44 23 46 47 40 14 1 15 17 18 16,42 3 12 21 34 32 45 50 25 48 35 9 35,2,1,1
43 37 47 5 37 32 38 16 41 42 11 2 2,5 39 49 26 8 22 41 18 25 1 52 43 17,47,0,78,0,22,26 27 38 47 41 43 8 2 4 5 31 18 52,39 26 1 41 28 2 43 17 18 48 38 10 37,1,2,1
37 45 25 21 39 12 24 45 30 34 27 17,1 28 43 8 33 17 37 22 3 19 18 10 28,18,0,54,0,35,34 33 35 36 40 39 51 43 18 30 26 13 5,0 1 20 31 21 0 26 39 1 41 3 17 43,2,0,2
32 33 9 35 47 11 27 52 28 29 1 35 24,36 14 46 45 6 28 22 39 18 49 8 17,30,0,80,0,3,27 28 29 32 33 35 52 9 35 48 17 47 30,36 14 46 45 6 28 22 39 18 49 25 24 11,1,2,1
17 46 39 4 16 21 31 45 36 3 20 51 50,31 6 45 10 5 42 3 32 19 18 25 44,34,0,80,0,15,13 14 25 21 45 46 20 46 7 26 39 8 21,31 6 45 42 32 19 44 16 39 36 31 12 4,1,1,2
49 31 43 13 2 39 26 29 18 40 32 8,36 11 46 34 20 45 12 44 1 13 16 25,30,61,0,1,14,30 13 39 26 40 1 2 16 31 18 6 45 8,36 34 35 13 25 14 46 48 43 49 16 29 42,2,1,1
39 36 1 35 13 0 23 47 21 37 40 24,18 8 9 25 30 27 19 3 31 3 4 36 23,19,0,63,0,6,36 35 37 0 1 2 34 47 21 23 24 25 52,19 6 0 27 40 41 3 30 4 18 31 8 9,3,0,1
2 26 29 23 22 15 24 5 42 32 40 35,25 52 29 31 24 14 13 49 6 52 16 12 9,32,28,0,1,4,23 22 24 42 32 40 43 45 26 2 29 5 35,25 14 13 16 15 52 18 6 31 29 9 52 11,1,3,0
44 6 33 22 10 4 48 19 21 47 17 15,38 9 17 7 11 16 40 30 4 43 52 39 32,1,78,0,1,4,22 21 23 15 4 17 44 6 19 33 48 47 38,9 7 8 40 32 31 17 4 43 30 52 47 46,1,2,1
31 35 27 13 44 33 0 36 41 5 49 2,46 10 30 41 39 34 37 51 8 45 37 7,21,0,61,0,23,31 33 32 0 2 1 12 30 17 43 27 29 21,8 8 39 39 1 41 3 42 4 45 32 46 33,2,1,1
52 8 4 16 20 41 32 28 6 28 1 51 27,1 5 3 34 21 8 49 2 33 11 21 31 9,17,0,31,0,3,8 6 7 52 28 27 4 41 28 20 22 21 23,1 3 2 11 9 10 34 21 8 5 31 45 33,2,1,1
21 52 44 28 40 3 21 49 36 0 31 50 45,9 8 1 32 33 2 35 20 35 52 50 41,36,0,11,0,7,49 50 48 51 52 40 41 44 31 5 36 28 30,20 21 19 32 33 35 52 9 8 7 1 2 41,1,2,1
30 31 11 4 19 35 5 40 34 37 50 17 33,29 43 32 12 38 52 25 33 6 44 35 34 49,42,22,0,1,1,35 34 33 4 5 6 11 37 50 40 30 17 31,33 35 34 29 43 44 12 38 25 32 6 19 52,1,1,2
1 20 2 37 17 48 7 14 30 10 51 30,50 49 6 27 12 14 8 42 11 39 23 13,9,44,0,1,12,7 8 6 22 42 41 1 2 17 30 30 33 37,50 49 51 12 11 10 39 13 0 26 22 27 14,2,0,2
31 48 29 13 46 15 22 28 10 29 6 14 42,18 16 33 26 8 40 28 21 30 52 6 24,37,0,3,0,21,13 15 14 37 44 45 29 52 31 28 48 47 49,0 2 1 52 28 30 24 16 42 11 30 4 40,2,2,0
37 48 13 5 30 46 9 21 2 32 39 16,25 11 35 4 10 10 47 27 8 0 15 51,4,80,0,1,28,46 45 30 36 34 51 38 12 48 52 22 28 3,11 10 12 4 15 13 25 39 41 40 0 13 26,2,1,1
44 18 48 44 7 27 5 8 9 26 42 20 5,22 0 20 3 46 28 27 19 32 19 6 37,40,0,19,0,13,7 8 9 27 13 25 15 44 18 5 1 2 4,20 21 19 27 42 44 22 35 48 0 28 3 6,1,2,1
29 35 1 5 14 10 49 34 6 23 10 8,2 38 3 21 52 14 50 42 48 46 12 18 15,33,0,8,0,21,35 34 33 29 30 31 14 1 40 16 29 42 46,4 2 3 5 6 7 8 46 10 49 0 14 27,2,0,2
5 29 18 20 22 0 34 7 36 44 3 19 51,9 2 45 35 31 27 23 28 39 0 14 1,34,0,5,0,18,34 36 35 29 30 31 32 18 5 44 21 41 2,2 0 1 3 19 20 18 17 21 9 48 39 27,2,0,2
48 25 13 34 2 44 33 41 39 20 29 31,22 41 14 13 23 49 52 35 14 40 30 32,0,76,0,1,6,13 39 26 2 29 3 44 31 33 20 48 25 34,30 32 31 41 40 42 13 23 49 22 35 48 52,2,0,2
36 48 23 32 25 2 47 35 42 9 14 45,16 52 28 33 48 21 39 1 7 49 7 19 43,40,0,80,0,8,48 47 49 14 36 35 23 52 21 26 39 52 14,16 29 43 19 33 7 7 48 9 25 45 32 42,1,2,1
21 33 28 27 14 30 15 7 6 1 10 12 23,46 49 24 51 45 51 41 47 14 1 52 52 42,28,36,0,1,7,21 23 22 24 12 15 1 27 14 30 30 33 7,46 45 47 41 49 51 52 14 1 34 52 33 28,1,2,1
36 26 44 4 47 46 33 20 30 21 49 32,20 35 45 11 0 39 2 7 3 27 15 10 31,16,0,8,0,21,1 0 12 20 21 22 23 46 33 20 52 6 32,3 4 30 31 32 27 40 14 16 15 17 39 25,2,0,2
13 39 24 4 12 19 7 43 49 42 46 46 36,34 17 14 19 15 8 23 6 6 0 51 32,36,7,0,1,31,27 28 29 39 40 51 41 49 7 33 13 39 27,32 34 33 4 3 5 52 40 14 6 45 32 10,2,0,2
40 23 12 11 32 21 42 26 28 27 13 35 16,17 4 3 52 5 52 36 6 9 43 19 35 0,30,71,0,1,1,26 28 27 13 40 42 16 32 6 23 12 11 21,4 3 5 17 52 6 9 52 36 35 43 19 20,1,3,0
21 21 42 0 36 41 6 33 50 39 34 16 14,46 27 48 22 10 3 18 39 25 9 1 35,46,55,0,1,9,33 39 0 26 14 1 27 41 16 42 6 6 21,35 34 36 1 3 2 46 51 25 48 22 9 35,2,0,2
33 8 42 14 18 16 4 0 40 51 33 3 13,11 19 18 32 36 43 6 17 24 16 42 46 49,20,0,80,0,9,16 18 17 33 13 14 33 42 3 46 1 3 4,16 19 18 49 51 40 2 42 43 4 6 38 11,1,2,1
35 12 18 20 45 11 13 40 22 33 17 25 33,32 20 43 6 32 7 6 44 7 23 27 37,46,12,0,1,10,33 35 34 20 11 12 33 45 6 13 40 40 2,43 44 45 20 7 15 18 7 32 6 52 15 28,1,1,2
25 29 3 45 10 38 48 29 22 49 41 38,40 35 11 1 52 7 6 5 21 47 4 42 4,21,80,0,1,3,25 29 3 45 10 38 48 29 22 49 41 38 42,7 6 5 4 52 35 36 21 1 40 47 28 15,1,1,2
27 17 46 12 47 35 31 41 17 27 14 20,18 28 13 33 46 12 8 10 16 10 26 15,41,0,34,0,16,46 47 48 49 41 6 8 27 14 1 4 17 28,18 16 17 35 15 37 13 26 27 3 5 31 45,1,1,2
20 14 15 39 43 44 36 1 23 9 34 3 44,21 20 37 0 32 48 8 21 16 10 28 12 2,22,9,0,1,9,43 44 42 1 3 2 36 9 34 33 26 14 15,0 2 1 12 10 11 32 6 45 48 14 16 17,2,1,1
7 2 42 28 20 22 13 44 31 12 26 28 14,50 18 9 9 21 31 25 45 18 34 47 43,0,0,80,0,11,13 14 15 26 44 42 46 7 20 2 28 41 39,50 18 9 21 31 25 45 18 43 12 47 22 31,1,1,2
34 52 7 14 2 43 11 46 40 41 0 39 36,9 43 15 46 19 13 50 26 39 24 42 22,15,80,0,1,19,34 36 41 43 44 46 43 14 20 11 50 24 46,26 27 28 15 18 19 42 29 16 13 39 0 26,1,1,2
16 13 21 49 3 27 5 23 9 39 51 40 28,44 50 47 30 8 22 52 49 33 40 22 14,45,52,0,1,19,39 51 40 42 13 0 27 16 16 30 5 44 36,50 49 51 52 25 22 23 29 30 28 14 40 19,2,1,1
47 46 22 25 40 1 36 20 49 2 25 44,33 21 42 30 6 29 30 33 50 34 37 45,14,0,59,0,12,22 21 23 46 40 44 43 1 36 37 47 40 8,33 34 32 42 45 44 29 30 26 39 2 50 25,1,2,1
38 21 35 17 40 43 18 18 41 15 36 7,51 50 14 28 24 35 20 39 13 47 34 9 49,11,53,0,1,5,21 17 18 20 19 40 41 28 43 18 7 38 35,51 50 49 24 13 14 34 47 21 35 52 38 36,1,2,1
50 8 39 48 10 38 8 5 20 51 27 13 21,31 1 22 19 33 10 36 52 17 44 29 24,34,0,80,0,1,10 9 11 8 50 48 51 8 38 27 21 39 13,31 1 22 19 33 10 36 52 17 44 29 24 20,1,2,1
0 27 20 11 48 19 14 51 49 31 39 22,35 18 22 3 9 19 38 18 13 34 25 21,26,0,22,0,28,30 31 29 32 49 39 51 48 22 35 47 21 39,16 18 17 14 15 13 33 34 40 28 3 3 42,1,1,2
13 48 7 37 6 38 17 14 24 42 15 4,34 13 37 11 29 46 30 1 43 3 46 22 2,2,0,5,0,34,41 42 40 28 3 5 6 15 26 13 0 39 13,37 35 34 36 9 8 10 7 2 19 6 26 14,1,1,2
13 48 24 48 5 32 7 0 14 19 12 43,14 12 25 50 21 32 4 18 7 0 3 28,10,30,0,1,22,0 12 19 20 21 13 14 25 0 39 27 14 32,28 30 29 52 18 16 10 32 19 3 4 36 1,1,2,1
34 28 31 12 16 6 8 36 43 19 14 37,36 46 35 39 23 12 29 2 7 45 42 30 13,7,0,41,0,20,36 37 35 14 16 15 20 45 47 48 28 30 52,7 6 8 46 2 3 39 13 28 42 45 34 12,2,2,0
14 49 18 27 33 43 6 39 52 40 38 4 42,0 5 42 13 34 22 8 37 23 41 19 24 51,13,0,80,0,12,39 40 51 52 18 19 22 21 0 4 6 13 39,23 24 37 36 34 5 31 1 41 42 51 49 16,1,3,0
38 15 28 8 47 12 42 37 8 15 44 28 49,42 26 41 2 36 52 22 51 46 43 25 3 26,20,0,7,0,45,8 7 9 52 40 51 41 28 27 26 15 33 17,49 48 47 43 42 44 41 45 31 18 44 27 15,2,2,0
29 40 49 33 44 21 6 34 30 9 33 48 27,18 46 0 10 35 51 47 41 13 51 52 27 10,18,0,58,0,7,33 34 32 44 27 29 30 26 49 48 47 51 50,18 52 0 13 39 27 41 28 3 6 46 33 10,2,1,0
45 49 21 40 47 7 28 36 1 37 38 15 52,26 9 32 3 8 14 27 17 24 23 48 30,13,0,72,0,18,49 47 48 46 52 36 37 52 40 51 15 17 26,26 39 27 14 15 3 17 44 32 6 33 7 9,1,3,0
26 48 1 52 25 44 16 17 34 31 13 3 31,33 30 10 38 37 6 5 35 12 27 20 18 22,4,0,2,0,21,31 33 32 52 26 27 44 46 45 3 2 1 17,10 12 11 30 20 19 6 32 45 18 5 31 39,3,1,0
52 33 32 48 35 31 3 1 21 27 17 8 48,12 42 46 32 0 14 6 34 49 5 36 25,50,0,80,0,13,21 22 23 33 32 31 30 1 27 40 52 4 3,42 46 32 14 6 34 8 12 17 17 1 9 15,2,1,1
27 30 6 7 43 44 12 18 37 17 4 10,34 40 41 23 33 34 3 19 37 7 22 35 25,45,50,0,1,60,19 52 52 0 14 27 2 2 16 17 30 31 24,13 14 15 32 10 11 41 42 43 44 28 30 45,2,2,0
19 22 5 39 23 52 33 51 30 18 5 28,12 41 14 0 40 26 17 8 1 2 14 36 35,15,13,0,1,17,39 51 40 22 23 52 5 6 7 0 27 14 16,17 19 18 41 1 12 2 28 33 37 11 50 52,1,2,1
42 41 9 13 11 13 4 15 11 23 30 34 35,37 19 52 40 23 34 0 22 8 10 45 43,35,0,80,0,9,3 4 5 9 41 42 35 29 30 13 15 48 25,37 19 52 40 23 34 10 45 43 25 11 50 18,1,3,0
18 0 25 6 42 45 28 5 21 15 23 38 41,30 47 4 50 16 39 47 37 4 17 39 52,48,0,46,0,4,6 5 7 4 25 23 52 28 15 41 3 42 29,16 17 18 47 52 45 39 39 30 4 50 47 37,1,1,2
19 30 40 22 13 41 2 33 14 22 44 9 12,28 52 14 15 39 25 30 13 38 50 47 3 24,5,69,0,1,9,44 13 39 14 1 41 2 2 19 33 22 9 24,14 25 13 52 27 28 30 47 48 49 50 18 37,2,1,1
12 44 47 25 21 23 45 22 47 52 39 31 21,8 32 26 6 20 36 11 49 10 17 2 6 51,13,0,53,0,2,21 23 22 47 45 52 44 31 18 12 25 38 39,11 10 12 26 49 51 2 17 32 6 6 20 8,1,1,2
18 28 2 21 47 15 9 5 37 24 20 1,0 25 30 22 4 26 5 40 42 50 20 12,39,0,28,0,38,45 46 44 7 52 5 4 28 2 15 30 43 4,25 24 23 22 39 35 33 14 27 16 29 30 43,1,1,2
30 39 11 1 43 8 40 25 50 24 42 24 51,49 18 38 15 25 14 10 0 48 46 0 37 3,31,0,29,0,17,39 40 41 52 11 8 10 13 25 14 42 43 41,25 24 23 18 46 49 48 14 27 3 30 30 4,3,1,0
8 43 22 11 23 35 41 26 29 51 26 18,6 17 14 37 10 34 1 27 18 30 22 21,0,0,24,0,9,22 23 24 25 26 29 30 51 38 25 35 33 34,17 18 19 22 21 26 37 50 11 1 27 6 10,2,1,1
37 52 24 44 46 12 3 9 16 8 51 11,36 17 48 40 34 33 11 30 24 34 16 3,32,80,0,1,23,24 44 12 9 51 33 17 34 31 49 19 34 40,36 37 38 17 18 16 33 46 7 52 3 5 2,2,1,1
24 9 27 18 19 52 28 35 49 14 31 10 8,4 1 32 16 45 9 39 29 30 37 26 24,26,0,80,0,8,9 10 8 52 31 28 30 44 45 46 27 14 39,4 32 9 39 30 37 26 24 49 8 24 21 19,2,1,1
15 19 9 47 51 33 34 34 27 6 48 11 30,13 49 52 25 49 2 15 4 44 48 43 39 46,50,7,0,1,10,47 48 49 33 34 11 26 27 28 30 52 40 15,43 44 42 24 50 19 13 39 26 2 15 28 11,1,1,2
8 15 31 11 27 13 22 18 45 7 10 34,45 48 0 29 46 26 14 20 14 25 46 44,16,22,0,1,28,22 23 21 11 10 3 13 15 14 26 17 5 18,35 34 36 37 52 48 49 45 46 42 27 1 3,1,2,1
9 23 17 31 39 37 34 50 48 46 20 32,32 3 25 29 26 7 16 33 24 15 47 4,13,80,0,1,12,23 31 34 50 48 46 20 32 27 44 25 19 44,32 33 34 31 26 7 39 3 29 16 4 43 30,1,1,2
5 37 18 42 1 26 19 3 26 8 43 11 3,20 7 0 38 40 27 28 4 6 41 23 35,48,0,80,0,23,1 2 3 5 7 48 26 13 39 29 35 42 9,0 27 4 6 47 11 19 31 19 43 10 25 21,1,1,2
49 23 27 21 42 15 35 37 26 19 13 19,16 44 23 20 29 50 37 17 8 40 36 29,18,68,0,1,21,44 26 27 40 15 15 42 29 29 19 46 49 23,37 36 35 44 16 17 8 34 21 52 20 22 5,1,2,1
2 16 24 44 46 18 4 1 51 4 1 13 40,27 12 50 43 10 31 33 37 46 15 40 39 28,26,0,80,0,16,1 2 0 13 44 46 16 18 17 39 28 29 31,27 15 43 46 12 50 23 7 10 4 40 5 37,2,2,0
45 34 3 38 9 48 18 18 51 12 42 11,47 22 8 28 49 44 32 13 34 13 0 26 36,6,3,0,1,54,14 16 15 32 40 41 5 7 19 43 4 17 28,19 18 20 52 1 3 12 32 51 30 29 28 27,2,1,1
21 6 34 8 31 32 18 5 7 36 37 43 23,45 27 20 39 23 2 28 19 11 0 8 12 41,26,15,0,1,18,43 45 44 0 6 8 5 31 18 14 27 15 3,19 20 21 39 34 32 0 28 2 20 7 33 39,1,1,2
49 39 8 43 30 36 16 3 34 17 47 18 14,14 35 1 27 10 33 36 38 6 18 28 4,48,20,0,1,24,42 43 44 35 30 31 16 3 42 0 14 16 12,27 38 26 4 6 9 28 41 15 17 18 19 20,2,1,1
45 51 7 19 50 21 46 52 27 6 15 33,5 35 26 24 4 26 25 17 34 14 43 5 2,10,0,47,0,11,33 34 35 19 21 52 51 12 25 6 7 5 49,1 2 0 26 26 13 27 27 17 43 5 45 32,2,1,1
49 14 51 48 20 19 43 8 11 41 10 30 0,28 4 12 19 23 50 2 0 33 29 44 10 47,15,2,0,1,27,20 21 22 49 48 41 46 45 15 14 25 13 0,44 43 45 42 2 31 29 52 50 37 2 1 40,1,1,2
21 15 6 9 47 2 22 22 18 40 51 47,23 9 48 34 18 52 16 5 23 33 45 39,25,80,0,1,22,15 6 9 2 22 18 30 48 33 24 11 44 37,16 18 17 52 44 45 47 27 40 14 52 40 1,1,1,2
41 47 29 37 33 46 50 13 27 38 21 14 0,4 45 31 30 28 24 22 26 16 39 28 8 46,7,0,11,0,8,27 29 28 33 37 38 46 50 51 47 7 45 20,28 30 31 29 46 3 4 39 41 33 26 41 16,1,3,0
12 49 41 17 26 50 29 4 2 22 47 24 35,16 18 27 32 38 32 20 31 19 11 0 52,37,14,0,1,14,24 22 23 50 43 45 4 17 52 26 40 2 29,0 12 1 31 32 34 33 11 27 28 18 19 17,3,1,0
2 48 27 36 11 31 38 31 15 34 44 8,12 33 1 47 8 22 46 14 47 23 18 29,16,0,80,0,44,14 15 16 52 19 18 21 44 5 18 0 26 29,32 25 41 12 47 8 12 9 50 47 11 30 40,1,1,2
14 18 40 41 16 4 35 24 35 12 38 22 44,23 1 13 10 21 42 0 28 15 2 23 49 9,36,80,0,1,3,14 18 40 41 16 4 35 24 35 12 38 22 44,1 0 2 23 10 21 28 15 23 49 9 8 10,1,2,1
52 23 46 35 45 21 17 13 47 27 24 29 44,15 22 4 15 28 9 51 36 41 39 49 0,31,0,80,0,1,46 45 47 52 23 21 24 44 27 29 35 5 48,15 22 4 15 28 9 51 36 41 39 49 0 17,1,2,1
18 44 50 4 10 6 3 28 33 48 9 36 14,4 46 42 8 1 19 31 11 49 40 32 52 24,24,0,60,0,20,48 49 47 46 50 4 6 14 1 40 3 42 24,52 37 0 26 40 28 42 3 31 18 18 32 21,1,1,2
46 47 29 34 49 43 16 32 12 41 36 39 33,41 37 5 28 0 48 20 30 29 18 42 45 19,26,0,7,0,2,34 32 33 47 49 48 39 29 16 43 44 46 45,28 30 29 20 18 19 37 0 36 41 42 13 5,3,0,1
33 4 30 5 10 31 47 2 6 40 39 12 23,23 41 19 28 31 50 7 32 10 20 33 29 0,51,0,19,0,29,5 6 7 8 44 45 52 41 2 28 39 40 51,31 32 30 0 2 12 33 20 7 13 27 30 19,2,1,1
25 49 18 9 3 33 42 41 20 30 22 16,28 7 11 52 51 6 39 10 36 1 45 40 5,38,18,0,1,8,20 22 21 25 49 48 3 42 16 41 28 41 30,7 6 5 4 52 51 33 10 49 36 40 1 14,1,1,2
48 43 47 44 20 17 25 32 16 46 52 45 6,2 4 0 27 29 42 41 16 39 42 4 38 34,30,0,60,0,4,48 47 44 46 45 43 17 25 16 14 32 52 6,4 4 0 27 2 41 29 42 16 42 18 38 37,1,1,1
4 33 7 34 15 0 22 16 9 41 24 16 8,36 19 18 42 37 26 51 19 28 3 17 47,47,26,0,1,8,15 16 17 8 22 24 9 11 7 21 33 0 4,19 18 17 20 36 37 47 42 3 16 28 41 34,1,1,2
48 8 32 0 26 1 20 12 20 33 23 6,11 46 1 28 5 38 43 34 36 38 21 36,40,47,0,1,20,20 19 18 21 17 0 26 2 4 5 31 20 48,34 36 35 1 10 11 8 40 28 29 5 6 4,2,2,0
52 22 22 47 17 29 16 15 9 26 30 42,36 43 37 51 38 6 25 11 23 19 42 10,15,0,80,0,13,26 27 38 15 9 8 52 31 5 17 41 30 52,42 29 18 18 6 19 25 11 47 22 5 42 16,1,1,2
3 44 50 19 24 52 16 52 26 27 5 18 34,47 40 17 20 28 32 7 51 4 43 21 51 41,32,0,73,0,5,26 27 38 19 52 24 44 5 18 50 49 51 52,32 6 40 28 41 17 4 43 4 20 7 47 34,2,1,1
16 14 36 2 4 22 34 45 8 22 9 37,37 23 18 42 10 14 49 28 41 47 4 10 19,45,80,0,1,9,16 14 36 2 4 22 34 45 22 9 37 47 33,42 43 41 19 18 17 15 49 23 10 14 1 6,1,1,2
41 26 25 34 38 52 42 22 24 13 49 28,28 13 7 6 15 45 29 45 1 51 25 11,8,0,80,0,5,41 42 43 34 26 28 38 52 22 24 25 13 14,28 13 7 6 15 29 45 1 51 25 11 49 22,2,2,0
35 1 7 39 32 16 18 1 19 51 6 36,34 35 51 41 22 12 50 13 24 26 49 5 36,48,0,13,0,7,1 12 0 35 7 6 22 39 51 16 18 17 48,51 50 49 34 35 36 9 32 13 26 26 14 41,2,2,0
23 31 21 18 11 10 15 35 24 11 13 16 50,25 0 14 46 49 29 28 2 32 4 3 35 30,51,0,11,0,7,11 10 9 23 21 25 15 16 18 52 3 4 52,29 28 27 25 49 50 30 4 17 0 39 14 2,1,3,0
0 7 49 22 1 2 7 47 39 14 42 18 3,36 52 2 50 29 44 9 16 30 25 27 31,30,80,0,1,9,0 1 3 14 32 7 7 49 22 37 47 25 27,9 10 11 30 52 2 29 42 16 31 44 18 52,1,1,2
31 6 10 8 20 24 36 52 23 2 12 45,50 45 5 0 22 32 10 35 48 9 30 26,41,0,80,0,9,6 8 7 52 31 29 10 36 23 20 33 46 2,45 5 0 22 32 10 35 48 12 24 37 24 30,1,1,2
10 41 22 39 18 24 43 31 14 18 44 3 36,40 27 32 19 12 6 16 25 21 27 10 19 2,12,66,0,1,4,41 43 44 42 39 14 18 31 18 10 22 36 21,2 4 3 12 25 16 19 52 40 27 32 6 19,1,1,2
41 3 7 9 31 1 22 1 28 39 6 48 30,52 0 20 36 15 4 25 31 47 50 14 35,45,0,4,0,16,1 3 2 0 6 28 30 31 18 44 5 31 18,47 48 46 52 36 35 33 20 7 27 1 40 15,1,1,2
6 0 14 34 23 32 42 52 28 49 40 45 29,31 14 52 37 19 47 22 50 12 19 3 51,33,0,39,0,7,0 1 2 12 52 5 6 40 42 7 14 40 7,50 51 49 52 29 31 32 28 14 19 19 22 23,1,2,1
36 19 13 40 20 17 6 52 4 9 8 27 25,3 15 46 31 19 24 31 3 9 47 26 34,36,35,0,1,18,19 20 21 52 3 4 6 13 15 42 31 31 24,26 27 38 49 46 47 44 36 3 29 32 33 34,2,1,1
51 22 27 3 47 35 1 6 16 39 36 46,23 29 47 43 45 7 11 50 19 39 18 52,13,0,42,0,15,47 46 45 16 39 14 36 49 10 6 19 39 52,2 4 3 4 5 7 52 23 22 14 43 32 12,1,1,2
37 41 32 17 46 11 5 15 19 27 42 10 13,9 6 28 5 30 50 4 38 4 52 25 40 40,16,0,43,0,22,42 43 41 27 28 26 48 22 9 29 45 32 16,52 29 39 0 40 40 14 14 27 15 4 30 6,2,0,2
27 20 19 47 6 6 8 24 35 49 40 2,40 48 13 9 12 28 31 11 20 13 11 52,36,0,80,0,23,48 47 46 49 40 43 42 15 2 28 50 23 24,48 31 11 52 34 2 24 7 33 20 27 6 30,1,1,2
51 24 22 33 19 4 47 5 34 3 29 11 15,13 22 39 36 35 28 8 37 21 18 6 18,17,52,0,1,25,4 5 3 6 39 28 41 29 3 44 19 32 33,36 34 35 33 31 32 17 13 39 22 21 20 4,3,0,1
42 22 18 20 13 27 16 6 15 21 44 1 22,4 14 39 34 9 52 18 38 46 43 9 5 4,27,0,80,0,1,22 20 21 18 27 16 1 42 44 13 15 40 25,4 14 39 34 9 52 18 38 46 43 9 5 4,1,3,0
8 34 43 29 45 19 20 28 34 50 50 0 23,44 31 12 25 49 2 18 11 1 36 46 52,32,0,76,0,27,20 19 18 34 36 37 35 45 45 29 47 49 48,52 26 0 2 41 3 17 30 5 11 10 22 23,3,1,0
49 44 30 46 11 17 2 31 36 44 19 50,40 17 6 0 49 24 3 8 2 20 21 52 4,11,38,0,1,6,30 31 32 11 46 49 48 40 2 17 44 19 36,3 2 4 24 20 52 17 6 50 5 21 8 34,1,2,1
7 31 22 52 16 23 37 40 41 51 15 19 25,20 5 33 47 17 8 36 11 48 41 23 14,24,0,80,0,3,22 23 24 52 16 15 40 41 37 43 25 51 12,20 5 33 47 17 8 36 11 48 41 23 14 7,1,2,1
31 39 44 29 27 25 8 20 21 22 17 0 46,28 23 19 51 35 42 13 2 32 9 34 32,33,0,80,0,17,27 29 28 20 21 22 17 4 20 39 40 41 52,23 19 51 35 42 13 2 34 0 24 47 10 15,3,0,1
14 45 34 17 28 4 28 33 7 2 43 0 21,41 25 48 12 9 31 15 37 45 19 29 41 16,51,49,0,1,14,38 38 0 13 0 14 28 28 43 17 4 30 19,29 30 31 25 7 9 12 34 33 21 34 47 52,1,2,1
5 24 23 0 13 38 40 6 19 6 22 52 3,34 36 48 18 50 20 33 40 5 12 32 14 44,11,50,0,1,23,24 52 0 13 40 28 2 2 3 16 5 18 18,33 34 35 50 5 3 6 24 30 31 21 23 22,2,2,0
27 21 27 36 38 44 24 9 49 45 18 50,15 20 28 49 25 17 38 29 21 37 29 35,8,34,0,1,9,36 38 37 44 45 46 26 27 27 14 30 18 49,25 23 24 28 29 21 15 17 16 31 44 21 47,2,1,1
48 47 4 36 13 30 30 23 52 50 39 45,38 7 43 42 49 29 41 8 11 41 12 16,40,2,0,1,34,30 31 32 33 4 5 52 2 13 15 16 1 39,43 44 45 42 27 8 9 17 43 4 29 3 42,1,1,2
3 35 19 25 47 7 7 16 44 12 8 30,51 33 1 26 48 46 29 32 24 30 33 19 37,50,0,18,0,30,25 23 24 19 20 21 22 24 3 42 30 17 4,1 2 46 45 44 42 43 41 37 1 27 26 35,2,0,2
42 29 41 4 0 50 19 32 8 9 5 10 23,6 5 44 37 42 47 8 1 48 36 52 46 2,51,32,0,1,17,8 9 10 42 40 41 43 0 14 29 16 18 50,29 30 31 52 1 2 38 5 4 46 47 49 48,2,2,0
21 25 36 43 31 7 45 24 25 10 28 0,12 6 38 1 3 51 34 52 34 33 28 9 35,18,21,0,1,14,36 35 34 25 31 24 21 22 27 1 15 16 43,34 33 35 52 38 37 12 51 25 38 27 28 31,1,2,1
49 31 46 30 13 39 19 11 6 43 3 36,43 34 28 2 32 12 34 40 32 52 10 41 1,36,12,0,1,10,30 31 32 33 34 49 1 12 36 6 13 39 31,1 12 0 52 40 41 43 28 2 15 10 52 32,1,2,1
21 23 30 9 32 18 10 44 18 7 48 24,34 31 31 52 8 50 5 25 15 12 24 37,28,0,80,0,24,23 24 22 21 15 19 44 18 31 40 14 41 15,10 7 52 20 21 0 26 1 30 5 45 24 4,1,1,2
27 16 3 31 9 51 1 5 19 13 30 15 29,34 3 32 44 23 21 50 28 37 2 22 29,25,61,0,1,24,51 13 39 1 41 41 3 3 17 5 44 19 6,28 27 29 12 11 9 21 34 52 23 36 49 25,1,1,2
10 52 25 19 39 30 29 51 34 8 33 12,7 15 39 23 0 37 11 38 10 12 7 18 32,41,80,0,1,33,12 26 33 7 25 8 8 36 4 21 17 36 19,28 27 26 42 43 44 15 0 39 52 43 30 15,2,0,2
37 34 30 25 2 20 22 26 27 52 41 45 32,14 44 11 39 49 33 21 42 30 26 20 37 13,28,0,60,0,10,26 27 38 30 32 31 2 34 47 22 41 21 19,14 13 25 18 20 39 26 1 42 30 44 33 50,2,1,1
34 35 42 32 49 40 39 19 16 29 24 30 11,15 23 9 1 26 14 13 37 48 24 27 22 32,16,0,55,0,6,34 35 33 42 32 30 24 11 50 19 16 20 29,15 14 13 24 22 21 25 1 27 40 26 4 19,1,2,1
4 28 5 9 42 15 32 15 16 22 26 43,33 51 52 28 30 6 2 36 8 43 26 24,46,0,68,0,24,3 1 2 52 46 37 43 4 30 42 43 44 45,33 52 26 26 28 29 16 3 5 6 51 36 8,2,1,1
2 9 22 13 21 14 46 52 5 27 31 50,15 52 11 30 1 44 35 40 25 5 38 14 37,16,2,0,1,59,28 27 26 29 6 7 30 17 43 42 0 1 0,40 39 41 16 15 14 17 18 19 15 2 41 29,3,0,1
49 29 50 25 35 37 38 41 20 31 30 14 47,29 11 42 23 48 43 39 21 42 13 11 47,10,0,9,0,11,29 28 27 49 35 37 38 41 39 40 30 4 43,48 47 46 23 39 51 45 42 52 13 13 29 31,2,1,1
34 29 14 9 51 32 34 0 31 41 40 28,19 1 37 2 30 22 5 0 19 51 39 32 23,44,59,0,1,5,34 32 33 0 14 40 41 28 29 19 51 49 9,1 2 0 22 5 23 19 32 31 30 4 18 52,1,1,2
24 6 15 42 3 31 27 30 52 28 48 21 44,9 28 41 22 5 23 12 45 7 39 48 19 18,3,0,28,0,6,30 31 32 42 24 23 3 15 2 52 28 27 38,9 7 8 18 19 20 39 41 40 28 5 45 7,1,2,1
5 46 31 9 20 6 12 30 39 52 38 37,19 6 49 45 13 48 35 20 42 36 3 12 47,23,80,0,1,6,46 31 9 20 12 30 39 38 37 51 12 20 35,49 48 47 36 49 42 6 19 45 5 3 6 4,2,1,1
3 12 35 32 2 52 52 20 30 43 21 9 14,29 6 37 28 5 13 21 15 1 17 42 49,18,0,18,0,14,12 11 10 52 32 34 52 30 27 29 39 41 44,6 5 7 43 45 5 28 15 2 4 17 13 22,1,3,0
2 0 12 11 43 3 13 5 33 32 9 50,19 49 7 38 28 0 29 50 35 40 28 25,14,0,10,0,25,12 11 10 14 27 6 3 15 2 28 17 19 18,49 50 48 29 30 28 43 44 46 1 13 0 4,2,1,1
24 51 22 44 45 46 18 10 0 12 34 50 49,45 30 23 32 13 7 33 47 31 48 20 39 50,44,0,69,0,21,26 28 27 44 18 51 31 24 22 21 31 49 10,5 0 14 2 41 3 17 43 30 45 32 32 46,1,2,1
45 51 52 25 49 41 48 52 13 32 0 28 21,27 39 42 28 50 39 35 38 9 47 26 43 2,35,47,0,1,4,52 48 52 13 0 13 39 41 28 17 45 32 46,27 28 38 26 29 42 35 43 50 9 47 49 51,1,2,0
46 10 5 50 33 34 18 7 36 9 2 47,41 8 9 30 16 52 24 44 29 35 45 4 28,39,80,0,1,14,46 5 50 33 34 18 36 9 47 21 16 4 50,8 9 7 10 52 23 24 29 26 16 28 41 15,1,1,2
10 8 52 27 42 2 46 48 49 34 28 21 33,43 39 31 4 4 0 36 45 22 20 40 11 17,15,0,80,0,1,10 8 9 52 48 49 46 2 34 21 28 33 31,43 39 31 4 4 0 36 45 22 20 40 11 17,1,2,1
28 39 42 31 17 10 42 3 40 18 12 30 11,36 44 43 52 48 45 24 37 6 38 41 32 40,38,0,31,0,6,15 17 16 12 39 40 42 25 42 3 30 31 32,44 43 45 36 52 34 38 32 40 41 28 8 11,2,1,1
13 10 4 52 37 50 14 8 47 36 4 47 29,50 28 1 31 46 3 51 30 43 35 43 19,22,7,0,1,32,38 27 26 29 28 27 26 52 21 19 18 1 15,3 4 5 35 31 30 9 40 43 42 2 15 41,1,2,1
46 30 23 12 42 49 34 48 18 2 41 5,9 18 14 4 39 32 25 44 20 8 9 36,27,23,0,1,27,49 50 48 8 7 5 2 28 52 39 26 28 31,31 32 30 14 9 11 12 4 40 2 17 16 40,1,3,0
20 34 12 12 18 46 0 4 19 28 51 0 7,10 33 41 48 22 21 10 35 43 47 27 37,34,17,0,1,16,20 18 19 45 46 8 2 28 41 0 13 27 51,12 0 1 34 21 10 35 48 22 33 32 47 30,1,2,1
22 49 40 10 13 5 50 16 19 23 29 16 51,41 30 29 46 3 10 12 39 8 44 31 33,37,0,36,0,12,49 50 51 28 29 30 16 42 29 27 11 40 52,3 5 4 2 39 41 40 39 15 30 31 45 46,2,0,2
22 33 6 41 49 0 52 7 14 37 11 40 33,4 3 35 21 38 19 31 20 39 29 26 14 52,22,0,17,0,11,40 41 42 22 52 14 17 48 31 33 14 27 52,21 19 20 35 38 26 29 28 11 48 39 0 44,1,2,1
15 19 7 27 28 20 16 33 9 36 31 24,14 34 12 13 50 4 6 26 22 35 29 6,44,0,11,0,26,19 20 21 32 33 18 17 4 43 14 27 1 40,34 35 36 6 7 5 29 42 16 26 39 14 15,1,1,2
24 8 12 3 20 46 44 2 33 19 49 20,4 36 23 0 31 41 9 52 14 49 52 27 30,1,80,0,1,16,8 3 20 44 2 33 19 49 20 9 23 37 38,30 31 29 14 46 48 52 17 30 6 4 5 27,2,1,1
24 10 13 1 5 18 4 7 32 12 41 47,3 34 21 4 36 45 2 14 17 10 46 11 36,32,64,0,1,20,7 8 9 12 11 13 1 42 29 4 30 5 50,15 17 16 45 34 36 33 4 2 3 18 6 32,2,2,0
0 51 0 51 29 26 39 38 46 43 22 35,32 42 13 36 27 13 28 36 24 48 19 22 14,1,80,0,1,13,26 39 13 29 43 46 51 51 38 22 21 21 36,17 19 18 27 42 44 14 13 0 36 1 49 40,1,1,2
11 34 23 29 50 16 40 10 19 29 33 37 13,27 43 41 3 44 9 52 35 23 26 32 17 0,8,0,34,0,27,34 35 33 29 30 28 34 16 13 14 29 52 27,5 6 7 40 41 42 26 26 15 3 17 44 19,2,2,0
8 20 52 16 5 28 6 41 51 27 7 25,29 1 35 12 19 5 13 38 12 39 50 9,44,0,8,0,16,6 7 5 4 52 51 50 27 40 14 0 39 26,19 21 20 5 38 35 37 12 25 38 39 1 14,1,1,2
18 44 25 45 24 29 42 33 50 0 13 32 25,20 37 12 38 31 0 6 52 28 14 52 42,46,2,0,1,29,42 44 43 7 52 15 2 28 16 29 42 0 10,5 6 4 52 40 41 33 31 18 28 20 30 46,1,2,1
7 42 3 40 14 5 11 0 51 46 14 2,11 21 45 51 26 29 38 19 36 39 33 10,6,53,0,1,8,45 46 44 0 40 14 2 42 3 29 5 7 11,21 22 20 11 45 10 26 38 27 19 14 1 6,2,1,1
30 0 50 28 45 1 9 11 32 16 49 13 0,22 36 32 21 37 45 12 35 2 2 31 19 21,44,18,0,1,22,0 2 1 15 16 17 31 32 45 0 40 27 25,22 21 23 2 3 4 52 32 30 29 1 27 31,2,1,1
28 32 30 36 1 23 16 15 19 30 25 42 37,13 49 45 33 40 2 24 33 20 3 0 44,13,0,80,0,36,4 5 6 0 15 16 52 27 28 30 18 31 44,13 39 40 30 18 19 21 24 25 22 35 34 21,1,2,1
27 13 30 31 46 16 32 6 44 19 39 7 25,28 8 3 21 48 4 49 16 33 14 40 6,45,0,80,0,10,30 31 32 25 23 19 46 7 32 13 15 52 45,8 6 14 28 3 16 4 33 21 49 11 11 27,1,2,1
19 19 27 2 1 4 8 16 23 7 41 20 6,42 18 5 51 40 29 8 13 29 3 25 24 49,42,74,0,1,8,16 26 27 1 2 41 4 6 19 19 20 33 8,3 5 4 42 29 33 29 18 44 52 40 51 16,1,2,1
8 5 31 16 48 16 40 13 6 4 15 0 23,7 30 43 48 49 38 17 21 20 22 12 46 25,1,34,0,1,3,5 6 4 8 40 10 13 0 15 16 16 31 46,21 20 22 48 49 50 30 43 17 38 12 25 52,2,0,2
19 44 7 46 21 27 14 1 10 9 2 30 40,52 48 20 44 26 15 33 1 14 7 43 25 47,43,80,0,1,5,30 27 14 40 2 44 19 7 46 21 10 48 48,1 2 0 52 14 15 20 33 7 25 51 38 43,1,1,2
6 8 17 14 27 35 21 34 36 8 5 29 23,42 39 25 33 31 22 10 2 47 50 39 28,4,0,80,0,9,6 5 7 17 36 34 33 8 9 10 23 36 10,42 25 31 22 2 50 39 8 48 29 14 14 28,2,1,1
15 22 33 1 13 39 40 28 23 11 43 12 42,50 37 51 39 3 20 2 0 22 43 25 24,7,0,4,0,13,39 40 51 33 48 50 43 42 20 45 13 15 52,22 24 23 25 3 2 0 1 20 51 39 41 28,1,3,0
39 31 42 27 41 37 15 2 19 25 27 43 1,0 8 48 2 17 45 16 23 48 3 47 50,29,17,0,1,13,1 2 0 12 42 43 45 39 26 27 27 14 15,16 17 15 48 47 3 7 8 10 9 50 51 52,2,2,0
4 23 13 29 1 35 24 31 0 13 20 5 0,31 40 15 3 47 33 3 18 17 42 26 52,16,55,0,1,13,29 42 42 0 0 1 15 4 43 31 5 20 33,29 31 30 3 17 18 3 12 10 8 6 7 52,2,2,0
19 16 36 35 9 7 30 39 12 29 26 34 36,46 43 21 29 15 37 43 9 17 49 14 0,45,0,80,0,13,35 34 33 19 15 16 32 46 20 29 30 28 45,21 29 15 17 49 14 7 36 11 12 9 9 38,2,1,1
15 49 40 17 8 12 13 43 45 48 31 32 16,26 35 2 7 10 33 6 46 21 37 0 11 23,30,0,46,0,2,49 48 50 17 43 45 32 43 31 15 16 13 14,10 11 12 6 7 8 26 0 2 33 46 35 21,2,2,0
17 47 32 26 37 10 34 40 36 30 24 23,45 36 51 49 25 47 18 20 40 27 51 26 4,33,0,11,0,33,27 28 26 30 31 29 8 52 21 10 9 12 11,19 18 17 36 37 20 16 29 3 26 39 27 2,3,0,1
5 27 41 16 32 32 0 52 38 42 13 37,5 28 45 42 28 46 1 2 4 24 46 15,3,54,0,1,31,52 0 13 13 27 1 27 28 41 31 5 19 46,16 15 17 42 26 28 52 39 26 29 2 4 5,1,2,1
24 6 33 25 47 37 48 0 20 29 1 35 13,18 41 0 5 26 18 19 9 15 16 23 32,50,0,17,0,16,0 1 12 24 37 4 37 41 28 29 16 42 11,18 19 20 32 33 34 30 31 0 40 40 15 16,1,1,2
2 23 0 44 0 23 51 37 22 34 19 20,11 26 33 25 36 17 50 31 40 36 19 10 18,13,44,0,1,24,0 2 1 12 0 23 22 40 4 19 19 33 35,50 48 49 26 17 18 33 20 46 13 41 43 44,1,2,1
30 43 52 47 2 10 45 49 30 22 23 9 44,50 34 20 8 12 22 50 12 51 35 46 40,11,0,20,0,32,2 3 4 52 13 15 52 27 40 50 37 43 46,22 23 21 20 18 50 8 34 17 43 4 40 36,1,2,1
41 47 18 29 40 40 25 9 14 2 39 27 16,11 48 37 49 28 45 21 29 46 7 24 17,15,0,30,0,3,40 39 51 41 18 16 14 40 27 25 51 38 2,48 49 47 28 45 46 11 37 24 29 17 7 21,1,1,2
26 20 38 8 49 11 22 1 10 22 12 6 29,9 46 0 46 42 11 14 19 23 28 43 7,20,2,0,1,19,11 10 12 20 38 37 6 52 19 21 47 34 39,3 4 5 46 28 30 2 7 0 42 43 45 44,2,2,0
11 9 41 15 51 18 5 40 30 1 32 2 3,10 48 47 21 46 16 23 11 17 28 14 0 39,49,0,29,0,10,29 30 32 31 17 18 10 40 1 27 41 2 15,9 11 48 46 47 23 16 3 0 14 1 28 5,1,1,2
40 32 10 23 38 35 47 11 19 48 39 8,25 6 29 40 29 42 34 9 15 2 1 23 31,18,44,0,1,16,10 11 9 39 0 40 40 15 2 16 42 32 19,28 29 27 30 31 6 8 5 1 2 29 42 16,1,2,1
5 52 39 42 46 15 2 22 19 5 18 8 21,19 48 37 38 23 21 25 49 13 28 26 45 10,8,0,33,0,18,18 19 20 21 21 2 5 42 29 16 34 14 8,23 22 24 37 38 36 32 26 0 28 15 19 29,1,2,1
19 37 24 38 33 12 2 43 20 35 9 25 37,21 39 40 15 18 51 46 52 52 31 16 19 44,13,80,0,1,1,19 37 24 38 33 12 2 43 20 35 9 25 37,39 40 51 21 18 52 19 46 52 44 15 16 14,2,2,0
29 18 3 46 45 40 39 27 36 19 23 19,25 52 13 25 21 8 16 50 49 9 8 2 32,37,62,0,1,12,46 45 47 39 27 40 29 3 19 19 32 36 25,11 10 9 13 25 14 52 2 41 23 49 36 50,2,0,2
6 18 10 4 38 36 1 52 15 11 43 44 43,26 27 47 30 28 50 3 13 40 48 5 51 39,8,0,47,0,13,6 4 5 38 36 52 35 3 8 29 34 33 46,47 39 13 39 40 27 1 28 15 3 43 43 18,1,1,2
13 42 6 8 41 42 27 41 3 24 29 38 19,0 36 31 1 2 28 23 14 44 11 8 1 3,7,0,30,0,31,8 7 6 33 32 34 35 5 31 18 33 27 26,0 1 2 43 45 20 1 40 28 15 28 17 43,2,1,1
23 6 5 20 17 45 37 20 32 10 23 35 34,4 52 21 32 14 19 12 1 22 47 8 2 50,13,0,16,0,16,5 6 4 17 18 0 14 15 35 34 37 36 33,22 23 24 30 32 33 31 52 30 43 1 2 20,2,1,0
48 15 31 15 20 11 19 7 33 39 38 8,52 32 17 37 30 7 28 48 23 52 8 49,50,80,0,1,8,48 15 31 15 20 11 19 7 33 39 38 35 23,17 19 18 52 27 28 30 37 30 32 52 7 8,1,3,0
35 44 1 4 8 43 34 13 51 32 3 2 23,52 38 36 17 19 38 37 37 45 12 52 20 32,48,0,6,0,2,1 4 3 2 35 44 43 8 47 21 34 32 33,38 36 37 52 38 37 19 45 32 52 39 51 17,2,1,1
13 21 29 7 25 2 30 24 1 31 15 11 33,52 25 0 19 14 40 32 39 45 45 35 31,4,0,80,0,19,41 42 43 30 13 25 13 39 26 2 15 28 52,0 40 1 27 29 31 31 19 32 19 49 21 36,1,1,2
24 29 34 45 40 29 33 38 23 35 43 18,26 31 41 23 48 7 41 50 28 4 51 15,49,35,0,1,10,34 33 35 23 5 7 4 40 41 29 43 18 11,26 28 27 29 23 15 16 52 48 50 16 10 15,1,3,0
50 46 6 2 32 4 49 25 19 29 39 31,24 28 51 27 50 34 23 9 30 19 32 37,16,0,28,0,15,32 31 33 50 49 29 46 47 48 45 32 19 52,24 23 22 21 30 31 3 39 27 27 2 19 6,2,1,1
25 46 24 37 41 34 1 49 6 10 16 0 52,48 38 4 39 31 5 20 42 32 11 22 50 18,12,0,30,0,13,25 24 23 52 3 4 6 46 48 51 52 34 8,20 18 19 38 50 49 39 26 14 41 16 31 5,1,2,1
15 20 46 39 12 2 16 22 35 45 19 36 11,34 23 44 52 19 35 15 46 30 17 27 5 50,48,0,14,0,13,15 16 17 35 45 46 1 2 3 29 31 30 22,13 15 14 52 17 19 35 44 46 27 27 28 28,3,1,0
7 17 10 12 5 34 29 26 48 13 46 3,15 13 3 9 22 45 33 24 50 1 11 33,6,13,0,1,29,48 46 47 52 13 14 30 17 4 39 26 2 42,32 31 33 0 2 1 3 29 16 45 50 37 6,2,0,2
4 7 51 34 26 10 35 22 32 23 8 2,17 16 23 14 42 15 0 15 9 45 48 31 46,19,80,0,1,13,4 7 51 26 35 22 32 23 8 23 45 25 35,17 16 14 15 18 48 6 50 47 51 42 3 52,1,1,1
27 7 43 20 36 9 38 1 29 15 32 23,24 19 28 10 29 14 31 30 49 4 44 9 43,5,0,47,0,9,36 38 37 35 7 9 31 43 17 4 27 1 52,29 30 10 31 9 4 44 43 19 21 14 29 33,1,1,2
6 52 13 43 23 34 27 50 35 2 37 39,4 50 10 29 36 46 11 7 42 44 42 19,43,0,80,0,8,39 41 40 52 35 37 43 23 22 20 34 30 8,4 50 10 29 36 46 11 7 42 44 42 19 2,1,2,1
20 16 41 44 1 18 37 37 46 28 25 48 36,44 49 5 6 19 12 21 13 50 39 13 12 51,29,0,2,0,11,44 46 45 18 20 19 37 36 35 41 28 2 16,5 6 7 49 50 48 13 14 25 51 39 40 13,3,0,1
50 3 47 39 51 39 6 25 20 41 6 16,27 32 42 33 10 49 42 38 0 11 19 15,30,77,0,1,30,15 28 16 3 42 29 42 16 44 31 18 6 34,49 47 48 17 10 11 19 32 6 21 20 22 17,2,1,1
52 26 28 34 47 9 4 27 18 8 25 46 18,40 13 1 45 32 6 5 33 41 39 47 43 7,3,58,0,1,11,3 4 5 0 27 40 28 30 17 18 32 46 47,6 7 8 41 29 43 39 13 26 45 44 29 47,1,2,1
46 20 16 18 31 10 41 47 36 37 40 7,14 35 4 2 50 16 40 15 34 41 36 34 3,25,80,0,1,7,46 20 16 18 10 41 36 37 40 7 34 6 30,14 16 15 4 2 3 35 34 36 37 41 2 12,3,0,1
9 20 24 22 1 31 9 24 25 6 15 38,5 5 42 18 52 41 43 33 23 2 3 30 50,30,0,23,0,18,24 23 25 52 6 8 22 9 35 31 18 5 43,41 42 40 30 2 3 5 14 27 14 15 29 3,1,1,2
34 31 13 30 21 49 41 45 10 37 21 48,35 6 23 10 52 20 7 45 3 46 33 38,50,0,57,0,30,34 36 35 33 37 6 8 15 41 2 52 1 40,52 24 24 39 1 27 29 30 17 18 45 32 7,1,1,2
49 47 28 36 27 14 7 10 51 42 1 46,26 4 11 38 25 29 6 37 22 44 15 35,32,0,80,0,14,28 27 29 6 42 44 47 46 49 48 45 50 24,26 4 11 38 25 29 37 15 35 4 15 22 10,2,1,1
36 52 18 41 15 22 40 28 26 14 13 49,0 5 24 43 4 37 33 47 17 21 50 26,39,0,80,0,4,22 24 23 13 52 18 36 26 49 15 41 28 2,0 5 43 4 37 33 47 17 50 26 34 17 49,1,1,2
35 11 18 20 41 39 4 36 25 25 8 47,0 49 38 45 23 29 2 11 33 7 19 28,1,0,13,0,23,20 19 21 52 33 31 27 39 0 35 36 34 1,49 50 48 23 25 40 44 18 5 13 39 2 42,2,1,1
31 26 40 26 38 50 4 37 16 41 13 44,4 13 50 5 23 1 22 27 29 14 45 48,40,69,0,1,7,40 26 26 13 41 16 4 4 31 44 6 38 50,23 22 24 1 27 5 45 32 6 14 50 51 14,1,2,1
4 22 0 52 24 34 44 37 32 50 20 38,40 46 19 30 49 17 13 38 27 26 35 16 45,18,0,3,0,17,3 4 2 52 13 15 16 44 18 32 32 6 45,45 47 46 31 19 20 2 28 15 17 44 30 40,1,2,1
31 7 45 48 18 32 41 1 29 25 43 23,16 6 20 52 33 49 3 22 37 14 3 35 51,19,0,15,0,12,48 47 49 45 7 9 10 25 23 32 22 21 20,14 16 15 6 29 31 52 43 44 39 40 3 3,2,2,0
40 11 9 14 5 44 10 47 46 2 28 7 1,45 24 3 36 12 35 44 33 50 47 2 26,8,0,41,0,3,11 9 10 44 47 46 40 14 27 1 2 0 12,3 2 1 36 35 33 47 26 16 44 45 7 24,2,1,1
6 2 19 21 46 5 2 0 49 11 45 8 20,42 36 11 51 50 33 40 30 29 39 1 28,44,0,67,0,7,19 21 20 5 6 8 46 45 44 49 48 50 47,30 28 51 40 42 41 1 2 30 4 33 33 34,3,1,0
7 50 13 26 35 7 23 50 43 41 49 52 0,45 29 46 42 27 22 31 40 14 28 37 9 32,17,0,70,0,7,43 41 42 52 30 50 13 26 0 44 31 4 4,29 27 28 40 14 1 45 32 6 46 7 7 22,1,1,2
2 19 26 40 11 4 41 24 50 20 48 23,43 40 49 25 8 11 41 44 21 33 36 14 51,20,29,0,1,8,50 48 49 20 21 24 23 26 2 41 29 4 19,51 39 40 33 14 25 43 41 42 44 46 3 16,2,1,1
39 23 4 21 19 44 11 30 10 49 3 31,29 1 15 32 52 40 45 42 45 10 26 20 47,48,17,0,1,14,21 19 20 11 10 12 22 3 4 6 39 44 45,40 42 41 52 29 31 32 9 26 13 52 15 2,1,1,2
39 6 37 32 13 7 22 41 44 0 38 21,24 7 23 36 10 44 22 29 17 19 26 51 18,40,0,2,0,14,37 38 36 1 41 44 1 19 32 6 39 13 0,23 22 3 4 2 18 44 31 15 41 14 26 24,1,1,2
0 50 11 51 47 5 40 46 35 4 17 29,30 52 26 31 15 48 3 26 16 36 30 13 41,9,5,0,1,13,29 30 31 2 4 3 50 11 24 35 5 31 42,15 16 17 52 3 4 13 26 39 48 48 27 30,1,2,1
3 49 27 15 33 15 46 18 16 4 32 21 4,0 5 8 51 9 29 44 52 25 30 8 47,2,0,5,0,18,1 3 4 2 15 26 27 25 15 51 13 25 14,4 5 6 52 8 9 41 31 30 33 28 0 27,2,1,1
34 52 1 24 42 6 23 16 49 20 35 37 34,18 27 36 4 48 28 48 11 0 31 14 32 31,22,0,7,0,13,6 7 8 22 24 23 52 49 23 3 1 2 35,13 14 15 25 48 30 31 48 18 31 0 0 27,3,0,1
37 23 0 19 5 30 52 17 26 45 36 21,33 9 49 52 39 17 18 40 12 50 43 47 15,10,0,72,0,4,19 21 20 22 23 45 47 0 52 26 37 36 24,49 52 39 40 15 17 43 18 5 32 33 9 12,1,1,2
46 51 14 45 26 28 37 10 36 22 11 28,6 15 17 17 44 0 31 16 29 40 1 26,32,59,0,1,16,26 27 28 0 39 14 15 43 44 18 46 20 51,40 41 42 6 46 47 19 19 26 29 24 50 37,1,2,1
41 46 34 5 50 3 49 30 2 18 15 17 4,2 1 51 16 33 14 24 22 46 40 44 9 26,28,0,80,0,1,5 3 4 50 49 48 41 30 17 2 18 5 15,2 1 51 16 33 14 24 22 46 40 44 9 26,2,0,2
48 43 5 33 20 26 42 23 7 1 10 43 39,0 18 13 39 27 35 28 27 50 28 40 37 41,14,0,2,0,30,3 2 4 1 42 43 16 42 29 52 26 28 38,40 39 41 27 35 37 12 27 25 29 28 30 0,1,2,1
29 27 45 40 47 32 47 50 14 4 17 43 42,11 34 25 6 26 13 38 17 12 12 5 21,39,0,58,0,3,45 47 46 52 43 42 40 4 17 43 27 29 0,25 13 14 11 26 12 17 5 44 6 34 38 12,1,2,1
25 33 27 5 35 31 52 41 39 23 48 39,21 10 10 16 45 5 38 18 41 12 29 26,1,0,59,0,21,30 31 29 27 52 39 14 2 3 5 14 5 31,18 19 20 26 41 41 16 29 18 44 44 33 7,1,2,1
50 40 45 38 28 9 17 6 27 26 47 30 34,13 48 15 8 43 22 12 49 46 0 7 18 17,36,57,0,1,9,45 47 46 26 40 28 2 15 30 17 6 38 50,17 18 16 7 8 9 49 13 0 48 22 35 9,2,0,2
40 52 36 46 34 21 33 19 15 45 47 17 19,2 48 25 42 50 29 28 16 50 27 24 6 27,32,0,17,0,1,46 45 47 52 36 34 33 19 17 15 30 19 43,29 28 27 48 50 6 50 24 11 27 2 42 16,1,2,1
28 26 12 11 26 31 29 3 41 1 14 16 33,48 33 6 43 20 47 21 4 35 2 18 18 37,34,0,17,0,38,3 4 5 21 27 29 26 39 13 34 1 27 21,18 16 17 28 29 8 19 45 32 39 2 16 43,1,1,2
7 39 40 3 41 35 8 31 5 20 48 52 5,42 47 17 19 44 50 16 36 21 6 45 38 49,2,21,0,1,7,39 40 41 5 52 3 7 20 33 26 3 31 5,16 17 18 42 44 28 50 49 51 45 47 48 52,2,2,0
46 29 2 23 0 32 46 25 14 13 49 51 9,26 12 22 37 8 36 22 4 43 6 4 20,47,23,0,1,39,43 44 42 29 30 27 28 0 0 39 14 4 6,41 42 43 8 46 48 49 52 51 25 3 4 5,2,1,1
45 8 27 26 30 21 10 41 33 21 9 31 6,36 4 33 29 2 1 24 16 32 50 52 38 51,47,0,80,0,0,8 10 9 30 21 33 31 45 21 6 27 26 28,36 4 33 29 2 1 24 16 32 50 52 38 51,2,1,1
38 34 2 46 2 0 26 20 7 24 50 7,12 1 5 24 29 47 37 33 39 34 28 21,14,0,80,0,20,2 0 1 24 25 52 46 7 33 28 29 30 31,12 29 39 34 38 7 20 4 34 11 26 16 2,2,1,1
28 0 31 10 17 42 49 15 14 40 24 17 33,28 16 44 41 4 31 29 26 46 2 7 45 30,12,71,0,1,41,38 40 2 15 3 42 29 17 30 44 45 32 23,4 3 2 18 17 25 20 26 39 13 28 41 51,1,1,2
40 39 47 39 13 49 12 46 2 45 42 49 43,8 41 13 47 36 8 34 29 23 44 33 16,20,0,33,0,28,46 45 44 47 48 33 39 40 7 16 19 18 52,12 11 10 8 9 13 0 2 28 29 29 42 17,1,3,0
19 11 13 16 32 29 31 14 7 41 46 12 17,44 43 52 8 37 22 14 42 15 50 35 18 17,5,0,15,0,14,16 17 15 41 42 43 14 1 27 19 32 45 31,37 38 36 44 52 11 18 46 7 14 1 28 3,2,0,2
6 35 32 2 27 50 43 28 14 3 9 13 31,31 28 20 29 4 39 49 46 5 19 2 21 40,16,54,0,1,19,13 14 15 31 33 1 27 2 28 28 2 43 9,20 19 21 29 39 40 42 37 11 4 5 6 3,2,1,1
31 20 22 3 46 15 28 33 48 18 35 5,27 42 26 2 40 24 40 25 41 43 47 32 49,50,65,0,1,32,37 39 26 27 1 2 15 42 18 31 20 33 12,45 43 44 47 46 48 45 42 37 40 49 23 36,2,1,1
22 10 43 42 20 36 26 12 18 43 14 5 4,37 11 0 30 38 33 35 30 21 51 50 39,9,0,76,0,20,4 5 6 7 22 18 19 12 48 0 52 14 27,35 48 26 40 14 30 17 45 33 33 37 38 21,1,2,1
51 39 27 11 10 47 32 19 4 22 44 27,17 48 38 37 9 1 40 21 35 14 16 39 41,43,0,62,0,17,11 10 9 4 42 44 41 39 42 43 17 27 52,48 47 49 37 35 34 39 1 14 14 2 32 20,1,3,0
1 51 13 21 11 24 2 48 47 18 48 44,50 4 5 36 17 34 25 31 24 40 41 32 28,45,80,0,1,7,1 51 13 21 11 2 48 47 18 48 44 19 43,36 34 35 25 24 32 22 4 5 32 41 28 52,1,2,1
34 14 48 47 38 45 42 22 3 39 4 0 14,47 21 31 2 11 26 7 26 25 6 31 19 7,42,0,2,0,16,39 40 41 42 0 1 3 45 52 48 4 52 43,7 6 8 38 37 36 19 21 20 2 28 41 13,1,2,1
0 13 0 36 31 51 50 9 47 30 23 44 34,21 1 35 17 16 26 23 10 32 12 5 52,50,0,80,0,18,43 42 41 50 30 31 44 37 5 52 37 25 22,35 17 26 23 32 12 10 13 47 9 36 15 0,1,2,1
28 34 45 33 43 51 20 31 2 23 47 22,27 41 21 52 19 16 46 13 19 16 15 49,46,0,60,0,17,14 15 16 33 12 11 20 29 30 47 48 49 50,52 13 13 27 41 15 28 16 42 4 18 19 8,2,2,0
11 34 50 52 17 28 37 2 6 20 23 9,10 31 49 8 23 47 30 24 45 33 7 39,5,17,0,1,20,11 10 12 52 50 48 44 33 20 0 40 15 6,49 47 48 31 23 24 21 20 51 39 18 42 41,1,2,0
0 6 11 40 28 5 24 35 34 52 5 21,3 48 32 19 29 52 45 10 46 39 25 17,20,0,61,0,18,28 29 27 52 5 6 3 5 52 6 40 41 39,10 11 12 19 46 21 29 32 45 48 48 35 12,2,2,0
32 1 35 25 24 50 47 27 26 18 21 52,43 41 41 37 5 47 14 46 27 28 26 13,3,0,48,0,14,35 33 34 25 24 52 22 1 27 40 36 3 10,27 28 26 13 14 1 40 41 41 43 5 32 6,1,1,2
7 2 39 37 29 49 45 42 24 30 25 31 16,13 41 47 38 40 18 10 10 22 41 50 4 42,37,0,10,0,15,16 18 17 37 24 2 29 42 3 11 31 44 24,41 40 42 50 4 7 6 47 49 48 13 27 16,1,1,2
2 27 29 21 39 30 11 18 41 32 49 49,2 21 26 15 15 46 26 32 27 3 7 22 48,18,0,72,0,5,32 31 33 29 30 18 27 2 41 15 11 12 10,2 3 4 26 26 15 32 19 46 7 21 22 49,2,1,1
32 51 7 35 33 26 52 17 23 4 39 16 42,18 3 3 39 44 35 43 50 15 8 23 0,9,0,80,0,9,3 4 2 35 39 41 42 52 16 17 26 39 48,35 0 15 3 18 44 6 20 50 8 23 33 32,1,2,1
31 48 19 36 18 4 48 2 13 20 11 9 16,43 24 52 5 40 41 23 8 8 34 17 33,23,78,0,1,8,18 20 36 31 32 36 48 22 13 2 16 4 8,34 33 35 52 40 41 43 23 24 11 18 20 19,2,1,1
45 26 51 8 11 14 15 47 20 9 32 43 43,40 48 4 27 13 41 17 14 50 16 38 23 31,34,0,53,0,8,8 9 7 47 41 43 44 45 32 19 38 52 51,13 14 16 17 15 39 27 14 31 46 20 48 50,1,1,2
18 22 18 32 42 15 31 4 5 40 26 27 30,50 13 48 28 43 32 24 0 7 24 46 52,16,53,0,1,14,4 5 6 7 27 15 28 43 4 18 18 32 45,32 31 30 52 0 12 50 24 29 48 46 47 49,2,1,1
21 23 25 14 2 49 12 31 44 9 47 13,43 20 27 33 16 1 24 8 41 17 13 32,6,46,0,1,19,25 14 24 23 32 21 20 1 28 31 7 49 12,16 17 15 43 44 42 14 27 40 37 36 38 32,3,0,1
17 3 51 9 2 10 30 22 33 35 0 18 18,48 14 21 31 14 32 35 31 3 37 49 8,46,0,80,0,5,3 2 0 1 17 33 18 18 31 7 40 42 52,48 14 21 31 14 32 35 3 37 49 10 51 35,1,2,1
1 4 7 3 29 49 8 10 22 14 36 25,40 40 24 16 52 16 11 49 13 21 52 43 10,18,9,0,1,18,36 35 34 1 3 4 2 4 43 17 13 40 15,11 12 10 52 31 49 46 42 16 29 44 40 27,1,1,2
7 43 39 24 19 20 26 30 48 14 45 25 44,3 39 41 17 2 18 37 31 3 13 45 12 49,46,11,0,1,18,44 45 43 25 20 24 39 26 0 39 14 27 27,3 2 1 7 33 12 17 30 43 20 18 17 46,1,2,1
35 50 51 12 24 25 34 1 17 15 43 45,11 11 3 9 28 47 0 52 40 4 29 40 30,22,80,0,1,26,12 1 11 35 8 17 15 33 46 37 50 12 47,28 29 27 9 52 4 7 22 18 20 0 13 35,1,2,1
8 30 38 40 20 47 7 9 17 31 42 11 50,22 39 2 10 7 13 10 14 32 21 40 19,29,0,69,0,8,42 40 41 8 7 9 10 30 17 4 38 16 25,42 39 13 14 40 2 28 31 32 19 7 46 22,2,0,2
20 31 11 46 21 5 6 43 29 31 28 18 13,50 11 48 15 26 45 14 5 41 52 25 4 27,47,0,10,0,29,28 29 27 8 43 45 30 31 32 6 7 5 34,14 15 13 52 0 1 4 30 17 26 26 1 40,3,1,0
40 33 0 10 44 45 19 43 30 12 6 39,23 33 32 4 15 22 5 22 11 42 35 14 31,15,13,0,1,12,44 45 43 42 10 11 28 40 1 14 39 3 30,32 31 33 15 46 47 2 22 35 30 4 17 52,1,1,2
4 29 0 23 36 18 6 13 21 30 41 15,39 6 17 44 7 47 38 31 49 40 14 29 33,37,0,19,0,40,13 14 25 50 2 3 5 11 37 34 40 39 41,6 7 8 10 8 24 6 24 45 39 15 43 31,2,2,0
50 14 12 21 6 37 49 39 16 41 51 32 2,0 20 28 25 46 24 8 19 16 34 2 37 13,38,0,36,0,9,50 49 51 32 33 34 31 12 41 2 1 27 25,20 19 21 24 22 28 2 15 0 13 13 27 16,2,0,2
1 27 47 8 28 32 51 31 18 33 23 39,27 26 3 2 49 48 29 24 37 50 14 43 12,6,18,0,1,12,27 28 29 32 23 22 39 0 13 1 15 42 4,49 48 50 3 2 4 26 27 38 24 11 50 52,3,0,1
29 25 37 13 7 1 17 2 14 21 2 6 25,36 4 35 26 45 10 52 9 8 13 11 50 4,17,16,0,1,4,25 13 14 7 6 8 17 37 36 1 2 2 29,10 9 8 36 4 35 26 4 28 11 50 37 24,1,2,1
40 8 44 48 43 10 38 43 24 35 39 44,23 33 32 29 5 17 50 27 45 46 0 12 16,11,34,0,1,8,24 25 23 27 29 28 39 40 2 43 43 17 44,16 17 18 33 32 50 35 36 45 46 47 48 44,2,1,0
35 22 51 41 21 23 45 27 30 3 8 32 1,1 19 38 24 44 44 18 42 15 5 17 2 48,49,0,63,0,13,22 21 23 36 40 41 45 32 19 3 10 23 6,49 1 40 15 2 28 42 17 30 18 44 44 5,1,2,1
39 7 37 10 17 12 7 41 35 14 51 34 39,16 23 50 36 0 36 19 51 12 46 42 30,27,0,80,0,12,37 35 36 10 12 11 9 41 15 28 14 39 13,16 23 0 36 19 51 46 30 7 7 22 42 39,2,0,2
51 26 18 0 23 46 1 31 2 46 4 16 33,6 28 18 43 23 3 51 14 22 12 36 15 42,26,0,70,0,3,31 33 32 26 1 2 4 0 16 18 51 25 12,43 42 41 14 28 15 3 18 6 46 23 51 22,1,2,1
23 7 0 12 42 29 52 32 25 14 6 4 21,50 34 27 17 49 31 34 24 46 50 28 11 23,8,0,3,0,49,19 20 21 8 45 46 39 0 26 42 43 41 52,14 15 13 34 49 51 17 43 4 47 1 3 14,2,1,1
33 48 40 11 52 36 45 8 47 29 24 7 12,43 17 42 3 48 2 5 4 38 13 38 6 22,9,11,0,1,11,45 47 46 48 8 11 10 52 31 32 26 40 43,5 6 4 48 24 25 3 42 29 43 17 30 22,1,1,2
5 31 40 21 4 51 38 39 37 50 44 40 12,19 25 2 21 29 34 7 1 33 23 12 18,36,5,0,1,52,4 5 7 6 27 29 28 42 43 44 52 13 27,1 12 2 0 19 20 18 17 10 30 17 49 16,2,1,1
52 12 43 33 0 14 42 35 17 25 23 30 26,2 44 9 50 1 37 52 1 3 21 5 40 44,29,3,0,1,7,26 27 28 52 32 33 43 17 30 42 0 12 14,2 1 3 52 37 35 44 5 18 31 1 40 14,1,1,2
10 20 7 45 36 17 41 49 44 29 28 8,1 29 43 11 7 33 5 48 3 27 31 36 13,3,80,0,1,13,44 43 7 29 8 10 36 49 41 28 15 17 7,31 33 32 30 29 19 20 3 13 39 43 16 44,1,2,1
40 15 11 44 22 18 0 8 31 30 30 14 36,38 32 25 16 34 5 22 21 11 4 38 0 42,3,80,0,1,4,14 15 41 30 30 44 18 31 11 22 8 10 11,32 34 33 35 16 22 21 38 25 42 4 5 42,1,2,1
41 49 7 16 45 41 34 10 13 2 51 1 32,42 42 37 38 50 33 0 9 5 22 35 15,45,0,74,0,15,41 43 42 45 7 9 10 32 13 14 1 12 0,15 16 18 17 0 42 5 35 37 38 22 37 49,2,2,0
23 18 9 12 22 33 44 27 41 37 37 28,47 51 52 25 19 10 38 16 21 8 49 24 4,43,80,0,1,4,23 18 9 12 22 33 44 27 41 37 37 28 3,10 9 11 8 52 49 47 51 25 38 21 4 22,1,2,1
40 32 0 21 16 3 49 36 19 47 20 31 13,38 46 36 26 7 18 33 14 20 30 34 30 7,2,0,14,0,32,16 17 18 15 29 30 14 40 27 1 13 0 39,18 20 19 5 6 4 28 38 36 13 14 1 30,1,1,2
23 0 14 37 36 45 35 16 49 28 14 38,41 9 27 19 6 50 51 25 2 26 32 31 49,7,0,23,0,20,37 36 35 34 13 14 25 20 28 30 46 0 12,50 49 48 5 6 4 39 26 40 40 2 15 42,2,2,0
16 8 36 9 2 6 31 26 9 20 27 41,1 25 38 43 12 0 44 30 18 44 51 35 28,51,72,0,1,6,26 27 28 2 41 16 30 31 44 20 8 36 9,1 0 2 12 25 50 44 38 18 35 22 9 51,1,1,2
44 51 4 2 15 19 7 51 36 4 17 6 33,22 40 32 23 44 11 30 26 36 16 14 8,17,0,50,0,3,17 15 16 4 2 3 0 4 7 33 6 19 45,40 51 39 22 23 30 26 14 44 32 11 36 8,1,1,2
47 7 37 20 28 16 43 46 45 13 36 27,0 44 23 28 3 41 34 12 22 1 49 4 17,47,0,16,0,16,47 46 48 52 36 38 34 28 15 24 37 11 8,0 1 12 23 22 24 3 52 16 27 40 28 43,1,1,2
36 7 41 4 17 18 42 26 23 29 1 37 22,45 6 45 3 12 25 33 9 29 39 16 7,26,0,80,0,10,17 18 19 26 1 3 4 13 29 31 41 15 28,45 6 12 25 33 9 39 16 7 36 46 7 45,1,2,1
2 23 6 14 43 18 42 47 25 27 35 15 15,0 13 32 3 26 17 7 31 50 36 45 37 16,19,0,51,0,9,42 43 41 6 15 17 18 14 52 27 32 35 36,45 52 0 13 26 39 0 3 16 29 31 7 50,1,2,1
2 8 30 16 14 24 11 4 13 42 9 27,41 38 47 45 23 0 37 17 20 42 8 13 1,10,15,0,1,39,30 32 31 47 48 46 2 3 4 52 2 42 30,41 42 43 23 27 29 10 1 27 16 17 15 52,2,1,1
23 10 7 38 51 32 26 4 48 24 12 50,0 2 33 33 1 43 14 50 18 52 18 44 36,28,61,0,1,11,7 6 8 38 26 41 4 18 32 10 51 48 24,0 1 12 2 33 34 36 52 44 18 13 14 41,1,2,1
28 19 16 25 26 10 32 44 31 10 52 52 33,43 47 44 5 19 41 9 4 7 48 25 33,1,0,71,0,11,32 31 33 30 52 10 12 52 44 5 26 13 39,9 10 11 41 28 16 43 44 19 19 33 47 49,1,1,2
31 10 2 24 45 27 28 42 5 18 7 6 43,1 25 46 47 4 4 44 1 38 14 35 23 13,15,70,0,1,20,45 42 43 6 28 8 5 31 18 27 40 27 40,25 23 24 13 25 14 15 46 20 41 4 1 3,2,1,1
2 19 46 26 17 3 14 44 52 33 33 37,51 38 5 29 43 4 26 42 22 16 18 30 13,49,0,3,0,16,28 30 29 23 26 38 36 17 43 0 2 3 1,42 43 44 18 19 10 52 26 13 16 29 42 1,2,1,1
18 16 25 26 10 32 45 43 34 40 26 45 2,19 8 31 43 28 22 22 0 52 29 11 32,1,0,80,0,20,18 16 17 32 33 31 40 46 44 34 33 52 31,19 8 43 28 22 0 29 25 36 12 32 37 18,2,2,0
9 52 14 52 41 24 27 30 0 22 42 48 4,28 18 5 47 6 37 17 43 34 15 31 28,39,74,0,1,9,52 0 14 27 41 42 3 16 7 9 24 34 37,5 6 7 52 30 28 31 17 43 4 15 28 26,1,1,2
40 9 4 39 16 10 7 6 51 7 44 17 18,38 32 46 12 25 16 0 11 41 38 28 14 23,21,16,0,1,33,40 39 51 17 52 19 30 17 43 40 14 2 43,6 7 8 52 16 13 15 46 33 20 34 27 26,1,2,1
8 6 10 18 37 2 6 48 5 11 29 21,13 17 46 35 34 32 15 27 29 50 31 33 39,37,0,8,0,12,5 6 4 11 6 8 52 10 23 2 15 28 11,29 31 30 50 17 18 20 33 34 35 32 27 29,1,1,2
37 22 30 34 39 14 19 39 51 4 18 20 48,12 31 33 52 44 6 43 34 25 17 28 26,36,0,80,0,31,18 19 20 52 49 5 8 38 25 36 13 39 26,6 51 37 38 14 24 8 50 22 30 3 25 1,1,1,2
4 41 0 15 48 21 45 52 24 2 30 44 41,17 28 22 42 6 27 23 42 25 8 14 17 39,43,0,79,0,15,2 3 1 4 44 45 42 0 13 39 52 41 15,17 17 14 27 28 41 44 6 22 25 51 23 50,1,1,2
42 31 42 15 9 24 33 35 36 26 29 10 39,4 33 21 36 46 41 0 40 43 16 24 7 51,9,28,0,1,8,31 33 32 9 4 5 39 26 27 15 42 29 44,41 40 42 20 21 35 33 46 7 43 4 52 22,1,1,2
39 24 31 35 17 14 0 21 33 6 7 32,46 25 47 44 47 12 3 18 26 11 37 29,49,0,80,0,16,31 33 32 10 6 7 4 23 39 0 14 16 15,25 47 44 47 11 29 38 7 21 37 17 3 27,2,1,1
25 35 32 13 41 5 16 12 45 45 31 34 48,20 17 8 7 33 28 44 3 30 2 24 29 10,18,73,0,1,5,5 31 13 41 28 2 16 32 45 45 25 35 12,28 30 29 8 10 9 20 7 33 44 3 42 52,2,0,2
47 52 1 34 5 19 43 41 3 6 42 16,37 25 22 48 9 8 36 11 16 25 23 17,26,0,80,0,10,5 6 7 52 27 28 47 34 8 43 41 42 40,37 25 22 48 9 36 11 25 23 17 5 38 28,2,1,1
41 45 15 20 35 38 46 47 17 9 0 39 5,3 21 24 11 43 5 9 50 6 13 7 21,49,0,12,0,15,45 46 47 23 9 11 41 15 2 3 52 29 36,5 6 7 21 20 19 42 43 44 39 26 14 29,1,1,2
47 18 6 23 33 12 16 1 18 6 7 27 37,10 36 25 32 40 39 27 46 50 7 15 13,20,0,13,0,11,16 17 18 33 12 10 7 31 5 19 46 32 52,46 47 45 7 25 16 13 40 27 1 39 27 1,1,1,2
34 23 10 5 40 35 49 43 39 27 10 45 14,9 49 46 21 1 17 48 13 8 51 18 6,47,0,3,0,23,3 5 4 34 27 29 21 40 27 8 29 16 8,17 18 19 21 51 49 45 46 52 13 26 0 1,1,1,2
20 44 15 31 49 48 39 3 43 14 41 29 29,6 23 10 10 12 39 32 49 35 5 46 40,9,19,0,1,17,49 47 43 44 52 48 10 35 41 15 28 39 18,39 40 51 5 7 35 10 23 49 3 5 4 48,2,1,1
13 23 22 49 24 37 26 51 40 37 10 32 39,30 0 16 46 34 21 27 2 46 41 6 29,7,52,0,1,46,46 39 26 0 13 40 40 1 28 42 4 9 8,46 47 45 44 27 29 30 20 14 15 16 13 25,2,1,0
8 9 44 19 44 49 45 25 21 35 52 15 30,28 27 15 38 21 5 31 43 35 51 25 43 6,41,2,0,1,9,44 45 43 8 9 52 19 21 15 15 30 17 0,5 4 3 6 28 7 38 51 25 18 31 52 2,1,1,2
23 33 27 29 21 14 30 39 14 0 16 43 50,48 50 15 13 31 36 24 22 33 5 20 6 12,10,0,10,0,9,23 24 22 23 14 16 52 30 32 29 39 41 36,48 50 49 36 31 33 5 6 7 4 13 15 41,1,3,0
51 43 3 16 34 9 13 20 35 21 14 33 1,48 42 2 4 6 0 28 8 38 45 9 19 1,41,0,80,0,9,34 35 33 18 20 19 16 2 13 28 3 1 2,1 14 42 42 4 6 45 8 9 48 38 22 43,3,1,0
24 30 27 5 20 36 0 34 52 48 22 37,40 31 9 24 5 33 29 20 31 43 38 9,3,0,25,0,16,20 22 21 36 34 35 37 52 45 6 0 13 42,31 33 32 29 31 33 24 11 3 27 43 5 20,2,0,2
39 31 23 45 18 45 35 30 33 25 5 7 14,28 48 44 32 34 9 37 42 49 40 1 41 9,0,0,54,0,11,31 30 32 39 23 25 33 7 46 52 34 36 33,0 1 2 40 28 28 2 42 42 44 5 18 32,1,2,1
37 15 47 22 7 8 15 48 41 43 38 31 36,21 11 45 10 27 31 44 3 17 34 40 5,20,0,73,0,11,37 38 36 7 50 49 47 21 34 26 13 39 52,45 44 43 26 40 3 17 31 11 34 8 22 48,1,1,2
47 18 48 2 12 36 12 39 2 32 16 22,16 31 21 33 17 51 30 14 43 33 37 10,38,0,80,0,7,16 18 17 12 12 29 32 51 47 48 52 2 4,16 31 21 33 51 30 14 43 37 36 10 41 2,1,3,0
33 9 23 49 42 35 29 25 8 44 45 3 50,25 12 1 42 28 23 16 36 22 40 32 28,30,0,49,0,66,4 3 5 2 6 27 26 30 18 19 20 16 52,52 17 39 13 0 27 1 41 29 42 31 32 32,1,2,0
0 8 30 43 13 28 3 5 51 21 38 7 28,1 19 49 52 26 42 50 11 45 27 25 9,38,17,0,1,18,41 43 42 3 5 38 27 1 40 27 28 41 17,11 9 8 10 21 20 22 49 50 48 19 25 32,3,0,1
50 30 48 0 45 32 3 6 51 41 37 41 29,18 32 14 2 3 48 15 21 31 31 17 13 11,19,0,68,0,6,29 30 31 32 41 39 6 15 41 50 48 51 49,14 13 32 21 20 18 17 52 48 45 2 31 37,2,1,1
8 16 22 46 27 39 15 12 29 19 40 43,4 8 46 5 4 34 23 50 15 34 24 12 17,7,50,0,1,7,46 45 47 39 27 40 15 16 29 43 4 19 32,23 24 25 22 46 4 5 34 8 52 15 17 7,1,2,1
5 22 19 21 34 12 49 36 36 41 37 23 40,25 21 17 30 33 49 50 27 18 52 14 32,17,39,0,1,3,22 21 23 34 36 35 37 40 41 5 31 19 12,25 14 13 17 49 50 21 30 18 52 32 33 43,1,3,0
38 25 1 48 50 32 4 10 10 17 12 13,41 2 51 27 36 33 15 28 2 32 35 7,29,80,0,1,47,25 1 22 51 31 31 49 2 10 48 44 18 3,26 28 27 52 39 41 29 41 43 2 4 52 1,1,3,0
3 27 31 35 11 8 18 52 30 9 28 0,50 15 6 13 21 42 18 35 40 47 21 5 41,16,0,14,0,56,4 6 5 3 14 15 17 52 30 29 33 29 3,18 19 17 43 44 46 45 41 28 2 13 27 7,1,2,1
31 39 27 35 5 17 10 28 21 22 18 52 14,22 3 7 43 37 16 27 11 46 36 51 0,50,2,0,1,12,17 18 16 27 28 26 52 5 3 31 18 44 39,37 36 35 11 26 27 7 46 33 22 20 21 19,2,1,1
21 28 18 46 10 29 39 12 38 3 35 13 52,50 2 48 19 23 43 2 44 19 33 6 47,29,0,80,0,7,29 28 30 3 17 18 52 46 7 21 42 23 42,2 48 19 23 2 44 19 33 6 38 12 10 17,1,2,1
30 1 36 16 33 45 19 25 50 42 3 6 38,48 21 46 37 24 11 15 40 36 20 45 47 10,23,13,0,1,4,40 42 41 36 23 30 33 45 19 6 1 16 3,46 45 47 21 20 19 37 24 11 36 48 9 10,2,0,2
44 49 11 28 35 33 35 39 17 33 8 40,29 52 15 48 7 27 52 2 32 47 8 31 11,0,80,0,1,18,49 28 35 33 35 40 36 11 21 41 24 8 7,3 4 5 52 52 29 32 2 39 15 26 29 42,1,1,2
5 6 23 35 8 2 13 38 33 14 39 26 24,12 7 4 22 44 11 42 7 50 52 20 32,15,0,80,0,9,23 24 25 5 6 4 13 39 26 2 8 47 41,12 7 22 42 7 52 20 35 24 33 20 5 42,2,0,2
52 7 18 17 16 9 44 51 41 3 3 38 20,23 1 36 38 35 29 42 49 34 17 45 19 26,18,0,66,0,2,17 16 15 18 7 9 52 51 38 44 41 43 5,36 35 34 26 1 29 42 17 45 19 20 23 38,1,2,1
36 46 12 1 4 25 16 12 35 7 0 27 8,15 9 28 26 40 16 22 48 42 30 19 19,6,40,0,1,11,12 1 0 32 44 46 47 41 16 4 30 7 36,28 26 27 19 23 21 16 42 19 9 22 48 35,1,1,2
35 36 3 43 8 45 2 44 36 26 3 1,5 14 25 13 27 45 12 42 43 23 28 16 48,46,0,80,0,15,3 2 1 43 44 45 3 16 7 40 52 43 33,14 25 23 4 17 27 42 5 45 48 12 11 36,2,1,1
47 16 17 31 41 9 49 46 24 32 51 20,37 32 18 36 10 38 35 42 44 44 8 40,15,0,21,0,15,31 32 30 47 46 45 49 48 41 16 17 13 28,10 9 11 2 37 38 52 20 7 1 42 30 18,2,1,0
15 52 32 38 50 12 52 48 19 43 49 8 18,3 41 7 13 50 34 27 11 2 30 0 23,28,0,80,0,6,50 48 49 15 52 8 38 12 52 32 19 45 2,41 13 0 27 3 44 7 50 34 11 23 48 22,1,1,2
39 21 36 48 34 16 29 44 6 10 40 49 15,14 22 47 1 4 20 30 12 39 1 27 45 3,43,12,0,1,20,40 39 41 49 51 4 47 21 8 13 1 1 15,30 29 31 52 52 45 3 42 16 27 38 26 4,2,1,1
48 2 16 5 49 52 26 34 25 23 32 49,15 21 14 37 52 9 30 8 34 45 22 47 51,26,6,0,1,9,34 32 33 26 25 23 48 49 47 15 16 17 30,15 14 13 52 9 8 21 34 52 27 39 30 0,1,2,1
6 45 4 35 34 11 20 36 21 39 36 24 33,17 32 31 18 40 22 15 23 40 19 2 6 25,43,0,80,0,9,35 34 36 4 21 23 33 20 46 6 45 19 17,40 15 2 31 32 6 22 36 25 38 11 2 3,1,1,2
28 39 41 28 15 42 9 7 45 33 21 8 31,49 51 46 21 38 39 19 31 40 50 27 34,33,71,0,1,11,7 46 41 28 28 15 42 31 31 6 45 48 50,49 51 50 40 39 51 21 34 20 19 21 52 22,2,1,1
39 48 10 21 38 45 21 39 36 36 51 1,26 42 1 9 30 12 47 16 40 17 51 22 33,50,0,15,0,29,21 22 23 24 3 1 16 14 17 52 26 39 37,42 41 43 0 1 2 24 5 6 26 14 42 29,1,2,1
3 31 29 49 4 8 0 30 11 46 11 5 36,49 47 44 6 29 27 50 20 33 51 14 45,38,21,0,1,33,31 30 32 3 4 2 39 13 40 40 27 28 28,49 50 48 1 2 0 3 44 5 18 12 41 15,2,0,2
15 32 28 24 42 33 26 50 4 39 40 28 3,21 39 34 46 9 45 51 23 12 10 7 13,37,0,29,0,10,39 40 51 24 13 15 50 28 15 52 42 3 24,34 33 32 37 10 12 46 20 48 9 35 39 46,1,1,2
39 51 5 38 21 43 0 13 29 40 16 24 16,18 5 17 33 30 9 23 48 27 15 4 50 52,35,54,0,1,7,51 40 22 21 23 0 13 29 16 16 43 5 33,5 4 6 9 48 15 52 30 43 51 41 22 39,1,2,1
48 22 24 35 22 50 32 15 1 50 11 27 23,49 46 30 16 18 26 44 43 45 37 35 44 3,47,0,35,0,12,24 23 22 26 27 38 34 29 42 14 15 21 8,44 43 45 46 52 43 44 1 16 3 16 18 51,2,1,1
13 34 32 14 43 20 42 1 19 14 37 49,35 27 6 0 41 15 50 36 44 26 3 9 48,1,0,13,0,41,7 8 9 14 26 28 38 42 3 29 40 5 31,15 16 17 27 32 30 14 44 46 26 39 41 3,1,1,2
39 13 51 23 22 42 5 33 7 16 44 4,24 18 20 52 1 17 26 12 51 24 46 42 49,21,0,5,0,25,16 18 17 47 13 15 34 42 29 21 4 43 34,18 17 19 52 24 25 39 40 42 43 8 26 1,1,1,2
18 41 44 22 27 39 20 46 43 13 30 37 23,11 26 19 2 30 41 29 4 5 29 25 28 51,17,0,18,0,10,13 25 14 43 39 40 18 44 5 46 33 7 17,30 29 28 11 4 10 2 41 15 26 41 29 5,1,1,2
26 22 8 42 49 47 14 3 6 27 8 3,2 44 4 41 27 32 39 18 7 6 2 45,11,3,0,1,17,22 23 24 49 47 48 41 42 43 44 37 42 14,26 27 28 52 18 20 32 6 45 2 4 3 11,2,1,1
44 5 31 19 33 31 43 37 9 10 36 13 8,20 11 15 24 1 30 30 21 2 28 0 5 45,38,0,80,0,11,31 33 32 7 10 8 52 44 5 31 0 2 1,0 15 28 30 17 43 17 5 45 20 11 11 20,2,1,1
36 1 35 31 30 40 21 50 52 24 20 3 14,42 0 9 0 8 26 13 44 22 47 32 8 37,24,0,78,0,0,31 30 29 36 35 50 21 52 20 1 40 14 24,42 0 9 0 8 26 13 44 22 47 32 8 37,1,2,1
24 38 43 17 23 37 12 45 51 11 48 49 13,34 6 14 26 34 25 10 13 45 3 4 27 41,6,0,23,0,7,12 11 10 45 51 48 49 52 17 43 33 34 35,14 25 13 6 3 4 45 24 26 0 27 41 18,2,1,1
40 48 24 30 17 15 27 22 0 33 36 26 23,20 41 11 52 50 49 10 15 29 31 40 0,46,0,75,0,10,24 22 23 17 15 16 33 27 40 11 10 52 8,29 30 20 40 41 49 10 36 50 11 20 0 29,2,1,1
46 11 33 34 23 39 7 36 25 18 19 10,31 14 11 43 49 29 21 37 4 3 0 35 6,17,61,0,1,42,39 40 41 28 2 41 15 2 31 45 6 32 23,5 6 7 0 1 12 39 0 26 40 27 30 30,2,0,2
2 33 47 21 45 23 40 11 16 25 49 30,0 28 38 48 42 13 12 30 29 48 24 36 25,28,80,0,1,36,47 21 35 51 8 34 38 7 13 46 40 47 11,28 30 29 26 27 2 13 14 5 4 52 7 8,1,2,0
14 7 11 4 16 43 31 23 6 12 9 1 28,17 49 10 39 25 6 20 39 21 24 51 21,32,55,0,1,15,6 4 7 5 1 28 16 42 43 4 31 46 48,25 24 23 22 6 10 11 32 48 22 1 40 14,1,1,2
52 47 50 42 15 33 22 32 10 0 4 23 43,31 6 46 7 51 48 14 11 1 45 22 39,13,4,0,1,19,42 43 41 52 23 22 51 12 25 40 26 1 15,46 48 47 7 6 5 45 39 0 33 36 34 35,3,1,0
10 9 8 39 42 23 9 44 1 42 18 31 32,44 35 37 51 21 6 30 17 16 26 29 50,33,0,80,0,5,10 9 8 11 31 32 30 20 44 18 29 46 3,44 35 37 51 21 6 30 17 16 26 50 9 42,2,0,2
